scenario,run_number,tod_0,tod_1,tod_2,tod_3,tod_4,tod_5,tod_6,tod_7,tod_8,tod_9,tod_10,tod_11,tod_12,tod_13,tod_14,tod_15,tod_16,tod_17,tod_18,tod_19,tod_20,tod_21,tod_22,tod_23,tod_24,tod_25,tod_26,tod_27,tod_28,tod_29,tod_30,tod_31,tod_32,tod_33,tod_34,tod_35,tod_36,tod_37,tod_38,tod_39,tod_40,tod_41,tod_42,tod_43,tod_44,tod_45,tod_46,tod_47,tod_48,tod_49,tod_50,tod_51,tod_52,tod_53,tod_54,tod_55,tod_56,tod_57,tod_58,tod_59,tod_60,tod_61,tod_62,tod_63,tod_64,tod_65,tod_66,tod_67,tod_68,tod_69,tod_70,tod_71,tod_72,tod_73,tod_74,tod_75,tod_76,tod_77,tod_78,tod_79,tod_80,tod_81,tod_82,tod_83,tod_84,tod_85,tod_86,tod_87,tod_88,tod_89,tod_90,tod_91,tod_92,tod_93,tod_94,tod_95,tod_96,tod_97,tod_98,tod_99,tod_100,tod_101,tod_102,tod_103,tod_104,tod_105,tod_106,tod_107,tod_108,tod_109,tod_110,tod_111,tod_112,tod_113,tod_114,tod_115,tod_116,tod_117,tod_118,tod_119,tod_120,tod_121,tod_122,tod_123,tod_124,tod_125,tod_126,tod_127,tod_128,tod_129,tod_130,tod_131,tod_132,tod_133,tod_134,tod_135,tod_136,tod_137,tod_138,tod_139,tod_140,tod_141,tod_142,tod_143,tod_144,tod_145,tod_146,tod_147,tod_148,tod_149,tod_150,tod_151,tod_152,tod_153,tod_154,tod_155,tod_156,tod_157,tod_158,tod_159,tod_160,tod_161,tod_162,tod_163,tod_164,tod_165,tod_166,tod_167,tod_168,tod_169,tod_170,tod_171,tod_172,tod_173,tod_174,tod_175,tod_176,tod_177,tod_178,tod_179,tod_180,tod_181,tod_182,tod_183,tod_184,tod_185,tod_186,tod_187,tod_188,tod_189,tod_190,tod_191,tod_192,tod_193,tod_194,tod_195,tod_196,tod_197,tod_198,tod_199,tod_200,tod_201,tod_202,tod_203,tod_204
45-mins-accident-1-cap-75-asa,1,0,0,0,0,0,0,0,0,0,0,0,0,0,0,0,0,0,0,0,0,0,0,0,0,0,0,0,0,0,0,0,0,0,0,0,0,0,0,0,0,0,0,0,0,0,0,0,0,0,0,0,0,0,0,0,0,0,0,0,0,0,0,0,0,0,0,0,0,1.0,1.0,1.0,1.0,0.9924242424242822,0.9873544606369323,0.9828964928202273,0.9752771401627612,0.9676577875052862,0.9600384348478215,0.9524190821903433,0.9447997295328903,0.9481313982767355,0.9404230129271625,0.9327146275775885,0.9250062422280155,0.9296926585360956,0.9218801152152475,0.9140675718941287,0.9275545192717124,0.9195583596228284,0.9115621999739445,0.9035660403250599,0.9146859930375577,0.9065191538150199,0.9067740124525859,0.8985306123457815,0.9057546700771462,0.9040375304742344,0.8955885815912794,0.8871396327075444,0.8786906838249248,0.8852595949973063,0.8766648416477739,0.8680700882982589,0.8671590805342105,0.8657937402997972,0.8640404879796175,0.855223748306794,0.8535711942843329,0.8446798276772114,0.8357884610700893,0.826897094462967,0.818005727855844,0.809114361248721,0.8002229946415976,0.791331628034474,0.7824402614273502,0.7735488948202257,0.7646575282131012,0.7557661616059766,0.7468747949988515,0.7502409944609845,0.7415536127325864,0.7450086750494542,0.7481632971648632,0.7510550341039828,0.7434535750916383,0.7358521160792938,0.7491544526771814,0.7513259749035742,0.7442069213030768,0.7461255080921908,0.7389086277850738,0.7316917474780575,0.7336283642476573,0.7351023290262915,0.7276972392798533,0.7202921495334327,0.712887059787022,0.7146477958477129,0.724607650940151,0.725558392585043,0.718409359258097,0.7195081140183349,0.7125614219001642,0.7137920983994379,0.7149562518441283,0.7160591340557579,0.7241778217498156,0.7180994661465558,0.7186015269183762,0.7247513842839894,0.7295160132435379,0.7276717586589865,0.7257063736615651,0.723822879706126,0.7162249352018012,0.714573378642278,0.7071304942297271,0.705693857620689,0.6983998308962456,0.6971625531187902,0.6900115465355294,0.6828605399429449,0.6757095333503637,0.6749324012432056,0.6679189140081677,0.6673034375921268,0.6667107565955973,0.6599570281470669,0.6532032996985841,0.6464495712500762,0.6396958428015322,0.6329421143531265,0.626188385904728,0.6194346574563175,0.6126809290078946,0.6059272005596795,0.599173472111701,0.5924197436631664,0.5856660152179187,0.57891228676951,0.5721585583210707,0.5654048298734027,0.5586511014271608,0.5518973729786854,0.545143644530185,0.5383899160822652,0.5316361876340595,0.524882459186569,0.5181287307390503,0.5113750022928517,0.5046212738446536,0.49786754539745837,0.49111381695192785,0.4843600885045239,0.47760636005617807,0.4708526316108314,0.46409890316242997,0.45734517471404207,0.4505914462655936,0.44383771781719417,0.43708398936878307,0.43033026092031323,0.42357653247233845,0
45-mins-accident-1-cap-75-asa,2,0,0,0,0,0,0,0,0,0,0,0,0,0,0,0,0,0,0,0,0,0,0,0,0,0,0,0,0,0,0,0,0,0,0,0,0,0,0,0,0,0,0,0,0,0,0,0,0,0,0,0,0,0,0,0,0,0,0,0,0,0,0,0,0,0,0,0,0,0,0,1.0,1.0,1.0,1.0,1.0,1.0,1.0,0.9921259842519687,0.9842519685040155,0.9763779527559836,0.9763144526289764,0.968376936753956,0.9729849640040282,0.9694090611681249,0.9613306523328843,0.9532522434976332,0.9451738346623696,0.9448607923382276,0.9367154406801413,0.936411871372565,0.9352011030417506,0.9333475326255101,0.9310192867042265,0.9226317255668821,0.914244164429343,0.9129373603694636,0.9044842366779928,0.896031112985824,0.8875779892929629,0.8876903521185384,0.887099849922105,0.8859408321629516,0.8772551377302908,0.8685694432995636,0.8598837488676616,0.8598668629011701,0.8592517234229314,0.8503934582330119,0.8497600897258824,0.8408152466761831,0.8318704036264065,0.8229255605766911,0.8139807175269653,0.8050358744772006,0.796091031427364,0.787146188377539,0.7782013453278807,0.7692565022781763,0.7832091012355409,0.7740873504207231,0.7761577139104038,0.778039862537376,0.7889350816469137,0.7900802777291864,0.7985287866157198,0.7914276864447112,0.7916947105432961,0.7845127234434829,0.7773307363437724,0.7701487492441178,0.7629667621445158,0.7557847750452267,0.7569283924744773,0.757666112233717,0.7503014450754351,0.7429367779171482,0.7437761397197304,0.7363231395196395,0.7288701393195487,0.7298591219248807,0.722375296383948,0.714891470843015,0.7074076453020802,0.7089437203908604,0.7103552799343626,0.7032063606648989,0.7047394868173686,0.6977927946988657,0.6994337108431729,0.7009859288165088,0.6944147335694557,0.6960581820514049,0.6896599129956794,0.6832616439399214,0.6930202061392141,0.694079655081707,0.6945926223240249,0.6878217718301618,0.6879627805980358,0.6875923293705939,0.6867332921374992,0.6789318622236827,0.6779833144321504,0.6902557372991258,0.689156595828716,0.6818625691042871,0.680949551352798,0.673798544760218,0.6666475381676394,0.6594965315750625,0.659031187964376,0.6520177007301593,0.6517022472028086,0.6513984771396699,0.6446447486916226,0.6378910202436902,0.6311372917951226,0.6243835633466241,0.6176298348982754,0.6108761064499595,0.604122378002854,0.5973686495549408,0.5906149211074613,0.5838611926616214,0.5771074642130986,0.5703537357654829,0.5636000073179311,0.5568462788720769,0.5500925504245066,0.5433388219760291,0.5365850935284745,0.529831365079999,0.5230776366337806,0.5163239081861716,0.5095701797378447,0.5028164512947645,0.4960627228464087,0.4893089943984321,0.4825552659631551,0.47580153751470666,0.46904780906630733,0.46229408061789623,0.45554035216942623,0.4487866237214516,0
45-mins-accident-1-cap-75-asa,3,0,0,0,0,0,0,0,0,0,0,0,0,0,0,0,0,0,0,0,0,0,0,0,0,0,0,0,0,0,0,0,0,0,0,0,0,0,0,0,0,0,0,0,0,0,0,0,0,0,0,0,0,0,0,0,0,0,0,0,0,0,0,0,0,0,0,0,0,0,0,1.0,0.9924812030074007,0.9874496848180487,0.9799119009644689,0.9723741171109085,0.9648363332573635,0.9660207870529863,0.965156656181791,0.957496682721193,0.9498367092605985,0.9504698604907738,0.9427424632642832,0.9350150660376886,0.9272876688109895,0.9195602715841821,0.9232276978170505,0.915403734276216,0.9262182642282624,0.9255481926530382,0.9174999475005933,0.9094517023481021,0.9163612881082432,0.9081794909252956,0.899997693741242,0.8994384499673219,0.8911867210958785,0.8829349922237307,0.8746832633508699,0.8664315344772873,0.8581798056029748,0.8762636777057694,0.8677562633590958,0.8592488490124348,0.8507414346657511,0.8422340203191212,0.8337266059724335,0.8252191916257743,0.8167117772791254,0.8082043629324744,0.799696948585799,0.7911895342391679,0.782682119892511,0.7741747055458313,0.7656672911991337,0.7571598768524808,0.7486524625058129,0.7401450481591694,0.7316376338125428,0.7868460535630886,0.8058888378553547,0.7982873788430066,0.7906859198306586,0.791761082385589,0.7844636817337469,0.7857368087326482,0.7787200773366965,0.7943518141697266,0.7938848836917078,0.78656301368601,0.786065757536459,0.7853143680532106,0.7778775334929731,0.7704406989334742,0.7630038643737466,0.7555670298138274,0.748130195253756,0.7484581221580262,0.7487198891498187,0.74158336561684,0.734446842083852,0.7350873830512714,0.7356923384098843,0.7289386099639248,0.7221848815164578,0.7154311530683503,0.716551007739218,0.7099798124927543,0.7034086172462053,0.6968374219996836,0.6902662267533568,0.6836950315073301,0.6771238362617146,0.670552641017646,0.6728240393044996,0.6831044817356888,0.6770261261320221,0.6709477705283343,0.6648694149246326,0.6587910593209235,0.6527127037172119,0.6546986988280284,0.6482142720788505,0.6417298453302727,0.6352454185822559,0.6287609918348017,0.638652491098438,0.6390590404480533,0.6389754765222257,0.6388955458113094,0.6309672558940317,0.6230389659763481,0.6311477312227012,0.6312324441333657,0.6313137685270707,0.624019741804576,0.6242408971386175,0.624453546497064,0.6174400592622654,0.6177770140644606,0.6181014890601767,0.6113477606177112,0.6045940321697364,0.5978403037217982,0.5910865752736778,0.5843328468293448,0.5775791183819603,0.5708253899338174,0.5640716614853368,0.5573179330369538,0.5505642045934026,0.5438104761460525,0.5370567476975471,0.5303030192495716,0.5235492908044971,0.5167955623584907,0.5100418339102847,0.5032881054620011,0.4965343770157566,0.4897806485673983,0.48302692011894977,0.47627319167055043,0.4695194632221394,0.46276573477366933,0.45601200632569483,0
45-mins-accident-1-cap-75-asa,4,0,0,0,0,0,0,0,0,0,0,0,0,0,0,0,0,0,0,0,0,0,0,0,0,0,0,0,0,0,0,0,0,0,0,0,0,0,0,0,0,0,0,0,0,0,0,0,0,0,0,0,0,0,0,0,0,0,0,0,0,0,0,0,0,0,0,0,0,0,0,1.0,1.0,1.0,1.0,1.0,1.0,1.0,1.0,1.0,1.0,1.0,0.9918699186991872,0.9864276511617557,0.9836594287910954,0.9781630001856394,0.9699431430453734,0.9617232859051174,0.953503428764871,0.9452835716246316,0.9370637144844013,0.9444399105487157,0.9422007471501236,0.9337882404791691,0.9253757338082116,0.9304079296437228,0.9324803249365531,0.9286244259396488,0.9199456930086457,0.9112669600777297,0.9025882271469486,0.8939094942162961,0.8852307612857656,0.8765520283553497,0.8678732954250412,0.8679149249709492,0.859148107542971,0.8503812901184415,0.8416144726943771,0.8328476552693282,0.824080837845702,0.8153140204209121,0.8065472029966794,0.7977803855715968,0.7890135681484617,0.7802467507244374,0.7714799332995672,0.7627131158759082,0.7539462984525112,0.7737903765574207,0.7771543185091627,0.7795375948975867,0.7814389643378974,0.7831592509743905,0.7847231479166292,0.7861510538204142,0.7874599675655635,0.779858508553231,0.7813667675592868,0.7740693669074729,0.7667719662556641,0.7594745656038603,0.7521771649520628,0.7448797643002838,0.7375823636485254,0.7302849629967894,0.7336418868701465,0.7266251554741537,0.719608424078166,0.7125916926821853,0.7055749612862124,0.7192706788136508,0.7303982611132632,0.7314004902338102,0.732250788760082,0.7247073526062202,0.7256885666407792,0.7183275792391625,0.7109665918375426,0.7205360944743412,0.7135894023580117,0.7147915238558309,0.7159286658016936,0.7093574705544577,0.7180280047827114,0.7117937939112469,0.7129205934640162,0.706842237863688,0.700763882262865,0.6946855266612475,0.6956601126857773,0.6960471643103632,0.6958753806529607,0.6886349263962644,0.6880811831406154,0.6804509609401881,0.6728207387401743,0.6651905165366818,0.6645694649711115,0.6639331432079119,0.6560048532962175,0.6480765633789287,0.6551420954007071,0.6475441508966836,0.6472942429963965,0.6398513585837862,0.6324084741727777,0.63967282153425,0.6395887031163023,0.6325752158817969,0.6394298127717468,0.632676084325751,0.6259223558807778,0.6191686274347747,0.6124148989866366,0.6056611705383459,0.5989074420899272,0.5921537136419037,0.5853999851939127,0.5786462567515976,0.5718925283067466,0.5651387998582262,0.5583850714141273,0.5516313429658207,0.5448776145179044,0.5381238860737982,0.5313701576261859,0.5246164291779041,0.5178627007296837,0.5111089722812024,0.504355243832754,0.49760151538435476,0.49084778693594366,0.48409405848747356,0.47734033003949894,0
45-mins-accident-1-cap-75-asa,5,0,0,0,0,0,0,0,0,0,0,0,0,0,0,0,0,0,0,0,0,0,0,0,0,0,0,0,0,0,0,0,0,0,0,0,0,0,0,0,0,0,0,0,0,0,0,0,0,0,0,0,0,0,0,0,0,0,0,0,0,0,0,0,0,0,0,0,1.0,0.9926470588234524,0.9852941176469442,0.9828065554579175,0.9796830751153478,0.9722612336372582,0.9648393921591738,0.9574175506810945,0.9499957092029983,0.9425738677249077,0.9351520262468223,0.9277301847687417,0.9203083432906579,0.9128865018125792,0.9054646603345013,0.9167949108288376,0.9092180933900569,0.9166455077776893,0.9296061129271191,0.9217280950209711,0.9224726231525078,0.9337350323000569,0.934999704464291,0.9310932938384948,0.9342363488931509,0.9324126004862157,0.9240124869685866,0.9156123734509489,0.9072122599333022,0.8988121464156469,0.8904120328979825,0.8820119193803084,0.8736118058626179,0.8652116923449121,0.8691726741182676,0.8608801733775238,0.8525876726367801,0.8442951718960366,0.8496691152256856,0.8420676562133375,0.8344661972009891,0.8268647381886409,0.819263279176293,0.8116618201639453,0.8040603611515976,0.7964589021392497,0.7888574431269016,0.7812559841145541,0.7736545251022062,0.766053066089858,0.75845160707751,0.7608161421425614,0.7535187414907131,0.7462213408388644,0.748965327102895,0.7419485957068819,0.7444091686413437,0.746367706326778,0.7391980000351347,0.732028293743526,0.724858587451987,0.7176888811606214,0.7201713790994615,0.7221714647370004,0.7237379455894655,0.7249137589418136,0.7174563830938382,0.7187114213652387,0.7198478172746178,0.7209054732345584,0.7219043705345826,0.7228492733810942,0.716278078133924,0.7097068828867021,0.7109479063873206,0.7045496373322039,0.7058910767899728,0.6996568659234255,0.6934226550573672,0.6871884441818751,0.6889303774769766,0.6901517983435309,0.6908821558786993,0.6911478801114811,0.6909727094682793,0.6903779737604311,0.6829159649303322,0.6754539561006436,0.6679919472702762,0.6605299384277598,0.6530679295983042,0.6456059207679246,0.6381439119375828,0.6306819031069375,0.623219894276443,0.6235933765495482,0.6238424252140756,0.6160828223158289,0.6318238262524446,0.6318919603215899,0.6247409537290214,0.6175899471365518,0.6104389405440793,0.61825820059485,0.6113770433076463,0.6118200362793396,0.6050663078309637,0.5983125793843269,0.5915588509377291,0.5848051224908727,0.5780513940534019,0.5712976656058532,0.5645439371573487,0.5577902087089305,0.5510364802608859,0.5442827518148384,0.5375290233679844,0.5307752949195768,0.524021566471255,0.5172678380249802,0.5105141095792167,0.503760381130908,0.4970066526845937,0.49025292423615247,0.4834991957876232,0.47674546733918316,0.4699917388927806,0.46323801044429436,0.4564842819961161,0.44973055354789687,0.44297682509950725,0.436223096652319,0.4294693682038705,0.42271563975547116,0.4159619113070601,0.40920818285859006,0.4024544544106156,0
45-mins-accident-1-cap-75-asa,6,0,0,0,0,0,0,0,0,0,0,0,0,0,0,0,0,0,0,0,0,0,0,0,0,0,0,0,0,0,0,0,0,0,0,0,0,0,0,0,0,0,0,0,0,0,0,0,0,0,0,0,0,0,0,0,0,0,0,0,0,0,0,1.0,1.0,1.0,1.0,0.9927536231884825,0.9855072463768874,0.978260869565367,0.9710144927537717,0.9637681159422494,0.9685082270896309,0.9611710435510948,0.9538338600125517,0.9579494304326213,0.9505234658558308,0.9430975012790345,0.9356715367022428,0.9495182121216027,0.9419220664415507,0.9425558583339458,0.9348928025751332,0.9353014383003548,0.92757167434747,0.919841910394585,0.9209437566877874,0.913139148580381,0.9053345404729772,0.906914870164935,0.8990286539041306,0.8911424376432822,0.8832562213824131,0.8858883163542302,0.8779073405424529,0.8885390918255538,0.8803873570386384,0.8722356222501186,0.8640838874584211,0.8559321526735972,0.8477804178856694,0.8396286831048166,0.8428208278758144,0.8540126535639971,0.8455570827366329,0.8460955406205957,0.846013002624599,0.8373802168852997,0.8372181306473416,0.8284971084559641,0.8197760862645733,0.81105506407317,0.8023340418817547,0.7936130196903286,0.7848919974988918,0.7761709753074463,0.7674499531159915,0.7587289309245294,0.7500079087330607,0.7536411468628336,0.7447747804292584,0.7359084139956824,0.7397968220770159,0.7311094403486198,0.7465592709141177,0.7595371285891345,0.761768969170462,0.7547522377744488,0.7567210962689047,0.7582063395699999,0.7510030505949852,0.7602410051733242,0.7605469284732893,0.7605615504628923,0.7530932639672852,0.7532623196275008,0.7459493529814856,0.7462813414079212,0.7391412519808515,0.7396476669488186,0.7327009748307421,0.7333722193055104,0.7266184908589328,0.7198647624122682,0.7131110339649731,0.7142935945564999,0.7154139151185448,0.7090156460635338,0.7026173770084889,0.696219107953439,0.6898208388983781,0.6915399398460107,0.685305728970529,0.687094730142608,0.6883182228950939,0.6819098797972047,0.7025317855853908,0.6948790140230313,0.6935837890178916,0.6856554991001752,0.6777272091825638,0.6697989192658865,0.6618706293494864,0.6539423394335706,0.6535456654872529,0.6457860625941425,0.6380264597027857,0.6302668568130508,0.6379151211018933,0.6304722366892329,0.6305687652310492,0.623274738506658,0.6159807117822728,0.6086866850578893,0.6092084885625444,0.6020574819708111,0.5949064753782475,0.5877554687856956,0.5886697609974119,0.5895495516163756,0.590396757402083,0.5836430289540128,0.5768893005055689,0.5701355720666631,0.5633818436190965,0.5566281151722839,0.5498743867239061,0.5431206582755493,0.5363669298288402,0.5296132013824058,0.5228594729355819,0.5161057444879853,0.5093520160403918,0.5025982875939955,0.4958445591465882,0.48909083069941395,0.4823371022510391,0.47558337380314486,0.4688296453547372,0.4620759169063487,0.4553221884709338,0.44856846002253453,0.44181473157412343,0.4350610031256534,0.4283072746776789,0
45-mins-accident-1-cap-75-asa,7,0,0,0,0,0,0,0,0,0,0,0,0,0,0,0,0,0,0,0,0,0,0,0,0,0,0,0,0,0,0,0,0,0,0,0,0,0,0,0,0,0,0,0,0,0,0,0,0,0,0,0,0,0,0,0,0,0,0,0,0,0,0,0,0,0,0,0,1.0,1.0,1.0,1.0,1.0,1.0,1.0,1.0,1.0,1.0,1.0,1.0,1.0,0.9919354838709895,0.9865372847277198,0.9817890048283112,0.9736750461108185,0.9655610873933274,0.9642770306734596,0.9561051914322702,0.9551866254138971,0.9469522579675389,0.951864504836739,0.9435148161978241,0.9413857181054863,0.9329804884795756,0.9245752588536646,0.9297589495363657,0.9212290509195785,0.924705550535073,0.9213913542303528,0.9178901199408998,0.9091483092751019,0.900406498607106,0.8978288488281768,0.8949777506956894,0.886116584847315,0.8891232696318824,0.885630064674042,0.8823888703421183,0.8794423300403703,0.8767520106344256,0.8688200534041493,0.8608880961738733,0.8529561389435968,0.8450241817133207,0.8370922244830445,0.8291602672527681,0.8212283100224917,0.8132963527922155,0.8053643955619391,0.7974324383316626,0.7895004811013859,0.7990430419614224,0.8195587996371843,0.8123563562041068,0.8051539127707809,0.7979514693374374,0.7974261180707984,0.790165815783084,0.7829055134949441,0.7825885001484594,0.7752684388502046,0.7749135015469065,0.7744472215143672,0.7671601384984,0.7598730554824312,0.7525859724664602,0.7452988894504876,0.7456632090056199,0.738536319426985,0.7314094298483955,0.7242825402698573,0.7171556506913759,0.7100287611129534,0.702901871534595,0.6957749819563024,0.7059226434003267,0.6991689149521041,0.6924151865104015,0.6856614580622096,0.6875858990843962,0.689409053737679,0.6830107846825052,0.6766125156271852,0.6702142465717246,0.6638159775161308,0.6574177084604107,0.6599676589068001,0.670116369268579,0.6711792139719502,0.6643876865143703,0.6575961590565947,0.6508046315990397,0.6440131041493593,0.6372215767008653,0.630430049243183,0.6236385217855014,0.6168469943278517,0.6100554668706185,0.6118618239149232,0.6129547606870056,0.6052263752771933,0.5974979898675891,0.5897696044583906,0.5820412190488664,0.5743128336398322,0.5756680743100621,0.5675636001723483,0.5594591260345768,0.5611078116384144,0.5531795217229536,0.5452512318055293,0.5373229418888251,0.5293946519744126,0.5214663620627719,0.5135380721450121,0.5056097822274187,0.49768149230983794,0.4897532023919922,0.48182491247499887,0.4738966225572444,0.46596833263970916,0.45804004272537097,0.4501117528128401,0.4421834628952986,0.43425517297770416,0.42632688306722705,0.41839859315090916,0.4104703032336148,0.4025420133160282,0.39461372339837253,0.3866854334890458,0.378757143578622,0.3708288536652758,0.3629005637484247,0.3549722738348746,0
45-mins-accident-1-cap-75-asa,8,0,0,0,0,0,0,0,0,0,0,0,0,0,0,0,0,0,0,0,0,0,0,0,0,0,0,0,0,0,0,0,0,0,0,0,0,0,0,0,0,0,0,0,0,0,0,0,0,0,0,0,0,0,0,0,0,0,0,0,0,0,0,0,0,0,0,0,1.0,1.0,1.0,1.0,1.0,1.0,1.0,1.0,1.0,1.0,1.0,1.0,1.0,0.991935483871004,0.9838709677419973,0.9798056583819437,0.9757135802047573,0.967582633703967,0.9648091791192206,0.9616174864058434,0.9533985335664349,0.9509545468976108,0.9426853769245911,0.9407286361986914,0.9382782878661459,0.9299008031534461,0.9215233184407232,0.9131458337279778,0.9125917434774325,0.9041418199292839,0.8956918963809914,0.9031379828353285,0.8945366687330348,0.8933960160948063,0.8847222683662838,0.8836583578224975,0.8941075559592044,0.8906840340642329,0.8816872256408005,0.8726904172173701,0.8636936087939416,0.8614411270172905,0.8523733256803284,0.8433055243433596,0.8342377230063844,0.8251699216694034,0.8161021203324171,0.8070343189954261,0.7979665176584307,0.7888987163214316,0.7798309149844287,0.7707631136474231,0.7729917741275666,0.7643043924003211,0.7667253283686541,0.7689357481658333,0.7801234876607152,0.7893095365521993,0.7965964313460956,0.8082708700684946,0.8008762242296227,0.7934815783907855,0.7924505351356105,0.7914300942258389,0.7843052572906651,0.7771804203555122,0.7700555834203812,0.7629307464852693,0.769347532122037,0.7625938036785838,0.7558400752307346,0.7558677968711496,0.7492966016253808,0.742725406379275,0.7361542111329632,0.7295830158865312,0.7230118206401124,0.7164406254006335,0.7098694301611628,0.703298234921157,0.6967270396746098,0.6901558444282604,0.6835846491821244,0.677013453936216,0.670442258690558,0.6638710634451772,0.666318292719576,0.6686400230570724,0.6708456668769345,0.6647673112752597,0.6664946739309946,0.6600456295447114,0.6535965851584573,0.6471475407722268,0.6406984963860467,0.6423909049556253,0.6434373818730493,0.6438681098397165,0.6588403297179782,0.6583498783443699,0.6578794453960132,0.6574278297666523,0.6569939245513369,0.663056392753828,0.6561752354671857,0.6557886322877563,0.6490349038392231,0.642281175390877,0.6355274469426403,0.6287737184949008,0.6220199900481639,0.6152662616000028,0.6085125331518675,0.601758804703605,0.5950050762554736,0.5882513478073531,0.5814976193590281,0.5747438909112789,0.5679901624641263,0.5612364340172303,0.5544827055719767,0.5477289771252415,0.5409752486798877,0.5342215202316895,0.5274677917869356,0.5207140633387528,0.513960334891222,0.5072066064435339,0.5004528779951506,0.49369914954676697,0.4869454210982681,0.4801916926497868,0.4734379642013385,0.466684235752939,0.4599305073045279,0.45317677885605817,0.44642305040808333,0
45-mins-accident-1-cap-75-rr,1,0,0,0,0,0,0,0,0,0,0,0,0,0,0,0,0,0,0,0,0,0,0,0,0,0,0,0,0,0,0,0,0,0,0,0,0,0,0,0,0,0,0,0,0,0,0,0,0,0,0,0,0,0,0,0,0,0,0,0,0,0,0,0,0,0,0,0,0,0,0,0,0,0,0.9676579203109815,0.9353158406219632,0.9029737609329446,0.8706316812439261,0.8382896015549076,0.8868027210884354,0.8544606413994169,0.8221185617103983,0.8490702947845805,0.816728215095562,0.830204081632653,0.7978620019436345,0.7655199222546161,0.7331778425655976,0.7008357628765791,0.6684936831875606,0.70245286686103,0.6701107871720116,0.6377687074829932,0.7152741913091767,0.6892850201305011,0.6632958489518256,0.6373066777731501,0.6599028182701652,0.7361180316282357,0.7195794681508967,0.7030409046735577,0.7126271460965339,0.7406858253505485,0.7276912397612106,0.7337168772270815,0.7215885973436993,0.7276190476190476,0.716248785228377,0.7048785228377064,0.6935082604470358,0.6821379980563652,0.6707677356656946,0.6593974732750241,0.6480272108843537,0.636656948493683,0.6252866861030126,0.6139164237123421,0.6025461613216715,0.5911758989310009,0.6045229520379579,0.6163869992441421,0.6062800993413237,0.6365558794946548,0.6274596695821184,0.653057690608711,0.6447884088700415,0.6523226433430515,0.6728598639455783,0.6784450923226433,0.6714480077745383,0.6644509232264333,0.6574538386783284,0.6504567541302234,0.6434596695821185,0.6364625850340135,0.6554630015271413,0.6484964598084131,0.6415299180896847,0.6345633763709565,0.627596834652228,0.6206302929334998,0.6268811366911295,0.6200502664119832,0.6259436345966957,0.6534252142415405,0.657197736237352,0.6606391781202274,0.6540841316118281,0.6572637944066513,0.6508346830795808,0.6540162319754155,0.6477608804139414,0.6415055288524676,0.6447424684159376,0.6477356656948491,0.6416196954972464,0.6445908649173954,0.6470226836379148,0.6407859868686148,0.6345492900993148,0.6371622934888238,0.6310740894997452,0.6336131263136481,0.6275724907903357,0.6215318552670235,0.615491219743711,0.6094505842203987,0.6034099486970864,0.5973693131737741,0.5913286776504619,0.5946214329887796,0.5886262037282441,0.5826309744677087,0.5766357452071734,0.5800919987042431,0.5832881227024967,0.577355811889973,0.571423501077449,0.5654911902649253,0.5595588794524015,0.5630378595207075,0.5571457519177879,0.5512536443148681,0.5453615367119486,0.5394694291090292,0.5335773215061094,0.5276422058184971,0.5217070901308846,0.5157719744432722,0.5098368587556599,0.5039017430680471,0.49796662738043473,0.4920315116928224,0.48609639600520993,0.48016128031759747,0.47422616462998507,0.46829104894237245,0.4623559332547602,0.45642081756714753,0.4504857018795352,0.4442280255567265,0.4378843330645319,0.43154064057233743,0.4251969480801429,0.4188532555879486,0
45-mins-accident-1-cap-75-rr,2,0,0,0,0,0,0,0,0,0,0,0,0,0,0,0,0,0,0,0,0,0,0,0,0,0,0,0,0,0,0,0,0,0,0,0,0,0,0,0,0,0,0,0,0,0,0,0,0,0,0,0,0,0,0,0,0,0,0,0,0,0,0,0,0,0,0,0,0.9676579203109815,0.9353158406219632,0.9029737609329446,0.8706316812439261,0.8382896015549076,0.8059475218658892,0.7736054421768707,0.7412633624878522,0.7089212827988337,0.6765792031098153,0.6442371234207968,0.6118950437317783,0.5795529640427598,0.7574344023323615,0.8059475218658892,0.8221185617103984,0.78977648202138,0.7994791059280855,0.7671370262390671,0.7347949465500486,0.7845786477856448,0.8122362595831982,0.8440168448331713,0.8288564949789441,0.8136961451247168,0.814033041788144,0.8143218103567958,0.8145720764496275,0.8147910592808553,0.8034207968901846,0.7920505344995141,0.7806802721088435,0.7949422308605983,0.7961597872231598,0.78658482942049,0.77700987161782,0.76743491381515,0.7809209125827201,0.7826097711811997,0.7743404894425303,0.7660712077038607,0.7779850988014253,0.7704049238743115,0.7628247489471977,0.7552445740200842,0.7476643990929707,0.7400842241658568,0.7325040492387432,0.7249238743116294,0.7173436993845157,0.709763524457402,0.7021833495302882,0.7068190476190476,0.7215361911960554,0.7245147855060391,0.7362099125364431,0.7295393586005832,0.7228688046647229,0.7161982507288632,0.7187347565754412,0.7209548104956267,0.714385325558795,0.7165780251494537,0.7101157346055306,0.7036534440616071,0.7059486651803577,0.6995278111244496,0.6931069570685415,0.6955224212133833,0.6891695127030405,0.6828166041926971,0.6937063010532396,0.6955695360851105,0.6893724106183825,0.6989154518950438,0.6929271137026237,0.6869387755102039,0.6883377183626064,0.6821010215933061,0.675864324824006,0.6848997672158563,0.678859131692544,0.6728184961692316,0.6742592101775773,0.6755460533419716,0.6836110249570954,0.6778694456506004,0.6854485234326967,0.6798794153229806,0.6743103072132641,0.6687411991035483,0.6631720909938319,0.6576029828841157,0.6656003353722443,0.6665889212827987,0.6611467444120506,0.668325234855847,0.6629536047223121,0.6575819745887773,0.6522103444552424,0.6468387143217075,0.6414670841881728,0.6360954540546375,0.6307238239211029,0.6253521937875681,0.6199805636540331,0.6146089335204983,0.6092373033869636,0.6038656732534284,0.5984940431198936,0.5931224129863588,0.5877507828528238,0.5823791527192889,0.5770075225857543,0.5716358924522191,0.5662268293560813,0.5608177662599435,0.5554087031638052,0.5499996400676677,0.5445905769715298,0.5390692149875824,0.5333045387467158,0.5275398625058492,0.5217751862649824,0.516010510024116,0.5102458337832491,0.5044811575423823,0.4987164813015159,0.49295180506064884,0.48718712881978227,0.4814224525789155,0.47565777633804873,0.46989310009718227,0.4641284238563154,0.45836374761544857,0.45259907137458205,0.44683439513371526,0
45-mins-accident-1-cap-75-rr,3,0,0,0,0,0,0,0,0,0,0,0,0,0,0,0,0,0,0,0,0,0,0,0,0,0,0,0,0,0,0,0,0,0,0,0,0,0,0,0,0,0,0,0,0,0,0,0,0,0,0,0,0,0,0,0,0,0,0,0,0,0,0,0,0,0,0,0,0,0.9676579203109815,0.9353158406219632,0.9029737609329446,0.8706316812439261,0.8382896015549076,0.8059475218658892,0.7736054421768707,0.7412633624878522,0.8382896015549076,0.8598509880142533,0.8275089083252348,0.8382896015549076,0.8618723679948169,0.8315516682863621,0.8296265444953492,0.8036373733166736,0.8054421768707483,0.782701652089407,0.7599611273080662,0.78977648202138,0.7715840621963072,0.7944930353093618,0.7793326854551345,0.764172335600907,0.7490119857466797,0.7338516358924524,0.7186912860382249,0.7035309361839973,0.68837058632977,0.6732102364755427,0.6580498866213152,0.6428895367670879,0.6809107316395948,0.6900550696469064,0.6779267897635246,0.6866861030126338,0.6944149088206713,0.7012849584278156,0.6911780585249974,0.6810711586221789,0.6709642587193607,0.6608573588165426,0.6507504589137242,0.6406435590109059,0.6305366591080875,0.6204297592052692,0.610322859302451,0.6002159593996327,0.5901090594968145,0.5800021595939961,0.5698952596911778,0.582957393483709,0.5733824356810392,0.5856171039844507,0.6150189946108312,0.6238475514429372,0.6319403952057012,0.6393858114674438,0.6321088435374148,0.6523600763056544,0.6578092461474384,0.6627780570356218,0.6673482345319075,0.6606776805960479,0.6650051725759425,0.6583867832847423,0.6517683939935419,0.6664110492681916,0.6599487587242687,0.6635294117647054,0.6667899486325142,0.6697570456754128,0.6634683079581034,0.6571795702407944,0.6508908325234852,0.6446020948061758,0.6479520920337244,0.6416967404722502,0.6449286481509893,0.6479170715905405,0.6418011013929377,0.6447677356656943,0.6387793974732745,0.6327910592808548,0.635510678138851,0.6292739813695508,0.6320125873478639,0.6505932404707913,0.6522567287784677,0.6537634141802613,0.647871306577342,0.6419791989744223,0.6360870913715025,0.6301949837685831,0.6243028761656635,0.6337589496439971,0.6352621963070941,0.6294406219630706,0.6308603441376548,0.6321671525753156,0.626375121477162,0.6205830903790086,0.614791059280855,0.6089990281827012,0.603206997084548,0.6048964922896378,0.5990993270623611,0.6007587373573765,0.5949940611165097,0.5892293848756432,0.5834647086347764,0.5777000323939095,0.571935356153043,0.5661706799121761,0.5604060036713095,0.5546413274304428,0.548876651189576,0.5431119749487094,0.5373098657452395,0.5312831587661514,0.5252564517870635,0.5192297448079757,0.5132030378288877,0.5071763308497999,0.5011496238707119,0.49512291689162397,0.48896519454342546,0.48280747219522674,0.4766497498470283,0.47049202749882973,0.4643343051506311,0.4581765828024326,0.4520188604542341,0.44586113810603556,0.43970341575783706,0.4333959615592263,0
45-mins-accident-1-cap-75-rr,4,0,0,0,0,0,0,0,0,0,0,0,0,0,0,0,0,0,0,0,0,0,0,0,0,0,0,0,0,0,0,0,0,0,0,0,0,0,0,0,0,0,0,0,0,0,0,0,0,0,0,0,0,0,0,0,0,0,0,0,0,0,0,0,0,0.9676579203109815,0.9514868804664723,0.9353158406219632,0.9029737609329446,0.89488824101069,0.8625461613216716,0.830204081632653,0.7978620019436345,0.7655199222546161,0.7331778425655976,0.7008357628765791,0.6684936831875606,0.70245286686103,0.7217233560090702,0.6914026563006154,0.6610819565921606,0.6307612568837059,0.600440557175251,0.6315313064001111,0.6548493683187561,0.6321088435374149,0.687494655004859,0.7244185293164884,0.7092581794622611,0.6940978296080337,0.7036345966958213,0.6896404275996113,0.7188934240362812,0.7250923226433432,0.7305619390613388,0.7354238203217797,0.739773924607437,0.7436890184645286,0.7472312462399927,0.750451453308596,0.763666990605766,0.7560868156786523,0.7485066407515385,0.7409264658244248,0.7333462908973113,0.7367354713313897,0.7294585034013604,0.7221815354713312,0.7258697764820213,0.7188726919339163,0.7118756073858113,0.7048785228377064,0.6978814382896014,0.6908843537414965,0.6838872691933915,0.6768901846452865,0.6698931000971815,0.6628960155490765,0.6558989310009716,0.661643451031206,0.6546434870244392,0.6476435230176725,0.6406435590109056,0.6336435950041391,0.6398694988199358,0.6329029571012077,0.6507055393586002,0.6553547133138968,0.6487363240226964,0.6530490767735664,0.6570391966310332,0.6607054250271537,0.6640466472303205,0.667089947089947,0.6606608357628765,0.6635768129645678,0.657321461403094,0.6601421922152317,0.6627405247813409,0.6651836734693877,0.6750391040770047,0.6765556986914364,0.6705150631681241,0.6720081279264951,0.6660128986659596,0.6600176694054242,0.6540224401448889,0.6480272108843536,0.6420319816238181,0.6360367523632827,0.6300415231027473,0.6240462938422119,0.6180510645816767,0.6205869776482017,0.61463513659432,0.6086832955404382,0.6027314544865563,0.6054354164025856,0.5995031055900618,0.5935707947775379,0.5963261170729689,0.5904340094700488,0.5930498866213149,0.5871331389698733,0.58968049027191,0.5838019872672096,0.5779234842625093,0.5720449812578087,0.5747825072886295,0.5689609329446058,0.5631393586005826,0.5658591055469802,0.5600129575639775,0.5626822157434398,0.5651363294644,0.5674246841593774,0.561660007918511,0.5558953316776443,0.5501306554367774,0.5443659791959108,0.538601302955044,0.5328366267141773,0.5270719504733107,0.5213072742324437,0.5155425979915772,0.5097779217507103,0.5040132455098437,0.49824856926897704,0.49248389302811024,0.48671921678724345,0.4809545405463769,0.4751898643055099,0.46942518806464334,0.4636605118237766,0.4578958355829098,0.45213115934204307,0.4463664831011763,0.44060180686030953,0.43483713061944296,0.42907245437857605,0.42330777813770937,0.4175431018968427,0.41177842565597594,0.40601374941510915,0.4002490731742424,0
45-mins-accident-1-cap-75-rr,5,0,0,0,0,0,0,0,0,0,0,0,0,0,0,0,0,0,0,0,0,0,0,0,0,0,0,0,0,0,0,0,0,0,0,0,0,0,0,0,0,0,0,0,0,0,0,0,0,0,0,0,0,0,0,0,0,0,0,0,0,0,0,0.9676579203109815,0.9353158406219632,0.9029737609329446,0.8706316812439261,0.9029737609329446,0.8706316812439262,0.8382896015549076,0.8059475218658891,0.7736054421768707,0.7412633624878523,0.7089212827988337,0.6765792031098152,0.6442371234207968,0.6118950437317784,0.5795529640427598,0.6873598963394881,0.6550178166504698,0.6226757369614512,0.5903336572724327,0.660408163265306,0.6280660835762877,0.6701107871720117,0.6377687074829932,0.6054266277939747,0.6408681567865241,0.6661835346383452,0.6401943634596696,0.614205192280994,0.5882160211023184,0.562226849923643,0.5942079689018465,0.6571739552964042,0.6718013958830286,0.6552628324056896,0.668830579850988,0.6536702299967606,0.6385098801425332,0.6233495302883059,0.6383284742468416,0.6511675690684438,0.6381729834791059,0.6251783978897681,0.6380382248137351,0.6699205396444291,0.6781513875391428,0.6855158303923072,0.6759408725896374,0.6663659147869673,0.6567909569842975,0.6472159991816276,0.6376410413789574,0.6280660835762877,0.6184911257736175,0.6089161679709477,0.5993412101682778,0.5897662523656079,0.601181729834791,0.6291686544747769,0.6373820087041028,0.6294722609540708,0.6373307418205376,0.6297505668934239,0.6372835762876579,0.6442371234207968,0.6372400388726918,0.630242954324587,0.6232458697764819,0.616248785228377,0.6092517006802719,0.6167238959075695,0.6097239319008025,0.6027239678940357,0.5957240038872691,0.5887240398805023,0.5817240758737358,0.5747241118669688,0.5677241478602022,0.5607241838534353,0.5537242198466686,0.5626960988477022,0.5557295571289739,0.5487630154102455,0.5417964736915173,0.5507657250092153,0.5439348547300691,0.537103984450923,0.5302731141717768,0.5234422438926306,0.5166113736134845,0.5097805033343383,0.5193495302883054,0.5281381861500357,0.5214219881500984,0.5147057901501612,0.5079895921502238,0.5012733941502865,0.5101943634596693,0.5184215331154103,0.5118061077244747,0.5051906823335391,0.5131446864460065,0.50654547533299,0.49994626421997335,0.5076784673052891,0.5011234207968899,0.4945683742884905,0.5021228808983906,0.49563762012741563,0.48915235935644064,0.5097355633982911,0.5161386459345638,0.509970845481049,0.5038030450275343,0.4976352445740197,0.4914674441205049,0.4981418853255583,0.5037019128208768,0.49702149849486793,0.4903410841688587,0.4836606698428494,0.47698025551684026,0.47029984119083124,0.46361942686482205,0.4569390125388128,0.4502585982128035,0.4435781838867944,0.43689776956078546,0.4302173552347762,0.4235369409087669,0.4168565265827578,0.41017611225674866,0.4034956979307396,0.3968152836047303,0.39013486927872115,0.3834544549527121,0.37677404062670283,0.3700936263006937,0.36341321197468457,0.3567327976486754,0.3500277323472934,0.3433226670459116,0.3366176017445297,0
45-mins-accident-1-cap-75-rr,6,0,0,0,0,0,0,0,0,0,0,0,0,0,0,0,0,0,0,0,0,0,0,0,0,0,0,0,0,0,0,0,0,0,0,0,0,0,0,0,0,0,0,0,0,0,0,0,0,0,0,0,0,0,0,0,0,0,0,0,0,0,0,0,0,0,0.9676579203109815,0.9514868804664723,0.9191448007774539,0.8868027210884353,0.8544606413994169,0.8221185617103984,0.8787172011661808,0.8463751214771623,0.8447580174927113,0.8403109815354712,0.8371345272802999,0.8347521865889213,0.8120116618075801,0.7892711370262392,0.7665306122448979,0.7437900874635568,0.752044055717525,0.7318302559118887,0.7404548104956268,0.7863556851311954,0.7723615160349855,0.7756268221574345,0.7784567541302236,0.7663284742468416,0.7695626822157433,0.7724163951294803,0.7617149717029669,0.7648461289277616,0.7547392290249432,0.744632329122125,0.7345254292193067,0.7389228172471995,0.7293478594445295,0.7197729016418596,0.7101979438391898,0.7155918367346936,0.7331778425655976,0.7368690581822791,0.7289593104322473,0.7326724975704565,0.7250923226433431,0.7175121477162293,0.7099319727891155,0.7142577259475218,0.7069807580174925,0.6997037900874635,0.6924268221574341,0.685149854227405,0.6778728862973759,0.6705959183673467,0.6633189504373176,0.6560419825072883,0.6487650145772592,0.64148804664723,0.634211078717201,0.6269341107871719,0.6196571428571426,0.653549909759822,0.6586655943165439,0.6633728539034659,0.6778425655976673,0.6811426215507845,0.6746803310068613,0.6682180404629382,0.6617557499190149,0.6552934593750918,0.6488311688311685,0.6423688782872453,0.6359065877433219,0.6401943634596692,0.6337735094037611,0.6273526553478531,0.6316468138275714,0.6355901090594965,0.6293013713421873,0.6230126336248781,0.6167238959075687,0.6104351581902597,0.6041464204729506,0.6085898143040996,0.6023344627426256,0.6066022198353019,0.600405094368574,0.5942079689018459,0.5984969225785546,0.5923809523809519,0.5965830903790083,0.5905947521865884,0.5846064139941686,0.5885012681030595,0.5822645713337595,0.5760278745644594,0.5800342449905127,0.5739460410014342,0.5678578370123555,0.5617696330232768,0.555681429034198,0.5495932250451194,0.543505021056041,0.5480805478337508,0.5420399123104386,0.5359992767871263,0.5405495185087016,0.5345542892481662,0.5285590599876309,0.5431241813495579,0.5371918705370341,0.5411467444120497,0.5447894395853575,0.5388726919339158,0.5329559442824741,0.5270391966310327,0.5308129549195764,0.5343751214771618,0.5464917395529634,0.5406997084548096,0.5349076773566563,0.5291156462585028,0.5232653061224483,0.5174149659863938,0.5115646258503393,0.5057142857142851,0.4995140913508254,0.4933138969873656,0.48711370262390596,0.48091350826044627,0.4747133138969866,0.4685131195335268,0.4623129251700671,0.4561127308066075,0.44991253644314777,0.44371234207968807,0.43751214771622843,0.43131195335276884,0.42511175898930903,0.4189115646258493,0.41271137026238974,0.40651117589893004,0.40031098153547034,0
45-mins-accident-1-cap-75-rr,7,0,0,0,0,0,0,0,0,0,0,0,0,0,0,0,0,0,0,0,0,0,0,0,0,0,0,0,0,0,0,0,0,0,0,0,0,0,0,0,0,0,0,0,0,0,0,0,0,0,0,0,0,0,0,0,0,0,0,0,0,0,0,0,0,0,0,0,0.9676579203109815,0.9353158406219632,0.9029737609329446,0.8706316812439261,0.8382896015549076,0.8868027210884354,0.8544606413994169,0.8221185617103983,0.8490702947845805,0.816728215095562,0.7843861354065434,0.8059475218658891,0.8124159378036928,0.8133592484612894,0.7830385487528345,0.7880438706094683,0.7620546994307926,0.7360655282521172,0.7100763570734416,0.6840871858947661,0.6580980147160905,0.678095238095238,0.6553547133138968,0.6734348342511607,0.6878989310009717,0.6697065111758989,0.6515140913508259,0.666656065023412,0.6792743764172334,0.6899514091350826,0.6759572400388727,0.6861085658753298,0.6731139802859919,0.6601193946966543,0.6706498218334953,0.6798639455782313,0.6684936831875607,0.6772926313382496,0.6665912079117361,0.675007018680488,0.6649001187776696,0.6729619968288066,0.6633870390261366,0.6538120812234668,0.6442371234207969,0.6346621656181268,0.6250872078154569,0.615512250012787,0.6059372922101168,0.5963623344074471,0.5867873766047771,0.5772124188021072,0.5892555879494653,0.5801593780369287,0.5914887315470403,0.6017881438289601,0.5935188620902905,0.6032822072928548,0.5953724595428231,0.6046517654680919,0.5970715905409779,0.6059117589893098,0.5986347910592806,0.5913578231292516,0.6000777453838676,0.5930806608357626,0.5860835762876577,0.6086824934055253,0.6153453302503266,0.6213955296404273,0.6268923790714439,0.6201761810715067,0.6366722619783843,0.630148717495656,0.6236251730129276,0.6171016285301998,0.6219424912822269,0.6153432801692102,0.6087440690561936,0.602144857943177,0.6069571012078298,0.6114458481805417,0.6156919601817559,0.6094366086202817,0.6135174671372307,0.6173113054745704,0.6208901846452862,0.6149018464528666,0.6180577875749602,0.6118210908056598,0.6055843940363598,0.5993476972670597,0.5931110004977598,0.5868743037284596,0.5806376069591596,0.5941021990191422,0.5876619883833928,0.5812217777476435,0.5844456224048057,0.5875261850772051,0.5904728102421088,0.5844526133434735,0.5779710144927531,0.5806066621177343,0.5831324910916743,0.5854727197001244,0.5877193391642366,0.5816754130223513,0.5839326206673141,0.5779873854303621,0.5800194363459665,0.5895475650577686,0.5835208580786807,0.5774941510995928,0.5714674441205048,0.5654407371414168,0.559414030162329,0.5533873231832411,0.5473606162041531,0.5413339092250653,0.5353072022459773,0.5292804952668893,0.5232537882878012,0.5172270813087132,0.5112003743296255,0.5051736673505376,0.49914696037144934,0.49312025339236143,0.4870935464132738,0.48106683943418577,0.4750401324550978,0.4690134254760097,0.4628557031278111,0.4566979807796127,0.4505402584314141,0.4443825360832155,0.43822481373501704,0
45-mins-accident-1-cap-75-rr,8,0,0,0,0,0,0,0,0,0,0,0,0,0,0,0,0,0,0,0,0,0,0,0,0,0,0,0,0,0,0,0,0,0,0,0,0,0,0,0,0,0,0,0,0,0,0,0,0,0,0,0,0,0,0,0,0,0,0,0,0,0,0,0,0,0,0,0,0,0,0,0.9676579203109815,0.9353158406219632,0.9029737609329446,0.8706316812439261,0.8382896015549076,0.8059475218658892,0.7736054421768707,0.8544606413994169,0.8706316812439261,0.8382896015549077,0.805947521865889,0.8221185617103984,0.8253527696793002,0.8241399416909622,0.8232736359850064,0.8226239067055393,0.7998833819241982,0.7771428571428572,0.8035218658892127,0.8048449509673999,0.8059475218658892,0.7907871720116618,0.7928862973760934,0.7946855476884631,0.7816909620991256,0.7686963765097875,0.7557017909204499,0.759860058309038,0.747731778425656,0.7521282798833818,0.7407580174927113,0.7293877551020407,0.7180174927113702,0.7239032755959526,0.713201852169439,0.7025004287429256,0.6917990053164123,0.6810975818898986,0.6703961584633853,0.6596947350368717,0.6489933116103583,0.6382918881838449,0.6275904647573314,0.6168890413308179,0.6061876179043044,0.5954861944777909,0.5847847710512774,0.5740833476247639,0.5876384839650143,0.577531584062196,0.5674246841593779,0.6015860058309035,0.6118950437317782,0.6032319866722197,0.6129976146302675,0.6219140575484849,0.644883965014577,0.6376069970845477,0.6303300291545189,0.6230530612244896,0.6157760932944603,0.623556851311953,0.6304992261454844,0.6234992621387178,0.6164992981319508,0.6094993341251841,0.6024993701184173,0.5954994061116506,0.5884994421048839,0.5814994780981171,0.5894793835901703,0.5825128418714419,0.5755463001527138,0.5685797584339854,0.561613216715257,0.5546466749965286,0.5631728159243987,0.5563419456452527,0.5644599935212173,0.5577894395853574,0.5511188856494974,0.5444483317136372,0.5525251575284486,0.5459067682372483,0.5392883789460479,0.5326699896548475,0.5406098153547126,0.5339455782312919,0.5415448950142819,0.5350213505315538,0.5422763391070706,0.5356771279940541,0.5423884492572532,0.548670769895259,0.5422416585681886,0.5483581540724389,0.5654033041788136,0.5702798833819235,0.5642915451895036,0.558303206997084,0.552314868804664,0.5463265306122441,0.5403381924198245,0.5343498542274043,0.5394704780867042,0.5332337813174042,0.5382590587255303,0.5429565846272054,0.557317784256559,0.5513659432026772,0.5454141021487953,0.5394622610949134,0.5333082820429752,0.5271543029910369,0.5210003239390987,0.5148463448871603,0.508602526724975,0.5019768923442386,0.49535125796350205,0.4887256235827655,0.48209998920202907,0.47547435482129274,0.46884872044055625,0.4622230860598198,0.4555974516790834,0.4489718172983469,0.4423461829176105,0.435720548536874,0.42909491415613765,0.4224692797754012,0.41584364539466484,0.4092180110139283,0.4024351581902592,0.39486621315192644,0
45-mins-accident-1-cap-75-unctrl,1,0,0,0,0,0,0,0,0,0,0,0,0,0,0,0,0,0,0,0,0,0,0,0,0,0,0,0,0,0,0,0,0,0,0,0,0,0,0,0,0,0,0,0,0,0,0,0,0,0,0,0,0,0,0,0,0,0,0,0,0,0,0,0,0,0,0,0,0,0,0,0,0.9676579203109815,0.9353158406219632,0.935315840621963,0.9029737609329447,0.8706316812439261,0.8382896015549077,0.8059475218658891,0.7736054421768708,0.816728215095562,0.7843861354065437,0.752044055717525,0.7197019760285066,0.6873598963394881,0.6550178166504698,0.7606686103012633,0.728326530612245,0.6959844509232262,0.7143116294136701,0.6819695497246517,0.6496274700356333,0.6172853903466148,0.6806219630709426,0.7121554907677357,0.7059810937361958,0.698140589569161,0.6657985098801426,0.6811995002082467,0.6701107871720117,0.6377687074829931,0.6480420739724462,0.6543440233236151,0.660408163265306,0.6819695497246516,0.6496274700356331,0.6357260498184235,0.6215976676384839,0.6072747466333471,0.5749326669443287,0.5698503401360544,0.5375082604470359,0.5051661807580173,0.47282410106899897,0.44048202137998055,0.40813994169096207,0.41784256559766764,0.38550048590864916,0.35315840621963074,0.3747197926789764,0.342377712989958,0.31003563330093953,0.3140074676487138,0.35136162401468535,0.3950128622877724,0.4197450408734924,0.44447721945921237,0.49546355685131205,0.5148688046647231,0.5110638541130739,0.4787217744240555,0.5062442500809848,0.47390217039196636,0.5098931000971818,0.5175639779721412,0.4852218982831227,0.5337350178166504,0.5472108843537414,0.6030744765438641,0.5707323968548459,0.5741626174279234,0.5745772594752185,0.5726225183951131,0.5402804387060948,0.5079383590170762,0.4755962793280578,0.4782144476838355,0.4458723679948171,0.41353028830579863,0.445872367994817,0.44816326530612255,0.44828217001086157,0.4420991253644316,0.4372478134110788,0.434013605442177,0.4327696793002916,0.4340136054421768,0.5364301911240686,0.5504450923226434,0.5181030126336249,0.4857609329446064,0.4534188532555879,0.4707659687251524,0.5518311814521727,0.5493670229996762,0.5451895043731778,0.573488824101069,0.5885368750674874,0.6100982615268329,0.5777561818378145,0.5993175682971602,0.6004801920768308,0.6038095238095238,0.5714674441205053,0.5391253644314868,0.5338935574229692,0.533061224489796,0.5007191448007774,0.4683770651117589,0.4652776158082281,0.46404553658197967,0.46511175898930995,0.4327696793002915,0.40042759961127306,0.3680855199222547,0.3357434402332362,0.3034013605442178,0.27105928085519937,0.25882734045999367,0.22648526077097522,0.19414318108195683,0.16180110139293835,0.1414647937096919,0.15102040816326556,0.13600444259336414,0.1213735017816653,0.10735860058309063,0.1267638483965017,0.14293488824101092,0.11059280855199248,0.15910592808552018,0.12676384839650176,0.09442176870748333,0.06207968901846479,0.029737609329446364,0
45-mins-accident-1-cap-75-unctrl,2,0,0,0,0,0,0,0,0,0,0,0,0,0,0,0,0,0,0,0,0,0,0,0,0,0,0,0,0,0,0,0,0,0,0,0,0,0,0,0,0,0,0,0,0,0,0,0,0,0,0,0,0,0,0,0,0,0,0,0,0,0,0,0.9676579203109815,0.9353158406219632,0.9029737609329446,0.8706316812439261,0.8382896015549076,0.8868027210884354,0.8544606413994169,0.8221185617103983,0.78977648202138,0.7574344023323615,0.725092322643343,0.6927502429543244,0.660408163265306,0.7412633624878522,0.7089212827988338,0.6765792031098153,0.725092322643343,0.747731778425656,0.7574344023323615,0.7857337220602525,0.8118278999911652,0.7794858203021469,0.7471437406131284,0.7537026239067057,0.7213605442176869,0.6890184645286686,0.6566763848396503,0.648857420519228,0.6165153408302094,0.6097389050858439,0.6188254893794252,0.6118950437317784,0.6038095238095238,0.5714674441205053,0.5391253644314867,0.5407424684159376,0.5371039844509232,0.5047619047619047,0.4724198250728863,0.4400777453838678,0.4077356656948494,0.375393586005831,0.3797930600811754,0.36932944606414003,0.3369873663751216,0.30464528668610313,0.29063038548752845,0.2769235040955159,0.2635957240038874,0.27377330152840373,0.33294460641399426,0.3006025267249758,0.26826044703595736,0.315425979915776,0.2830839002267575,0.250741820537739,0.32543662362904363,0.4317034568929614,0.399361377203943,0.4286232588273406,0.3962811791383221,0.4372478134110788,0.5989582118561712,0.6334564301911242,0.6011143505021056,0.5687722708130872,0.6442371234207969,0.6118950437317785,0.644237123420797,0.6118950437317784,0.6349965292239343,0.602654449534916,0.7089212827988337,0.763902818270165,0.7315607385811467,0.6992186588921282,0.6668765792031099,0.6648184468592632,0.6324763671702447,0.6307612568837059,0.6268221574344023,0.5944800777453838,0.5621379980563653,0.5297959183673469,0.49745383867832843,0.46511175898931,0.5402804387060947,0.6032704891480402,0.5957240038872692,0.5633819241982507,0.5310398445092324,0.4986977648202138,0.526997084548105,0.5552964042759961,0.5229543245869777,0.4906122448979592,0.48823415080317845,0.45589207111416,0.48062424969988,0.4482821700108616,0.4420991253644315,0.47174603174603175,0.4654044474932831,0.526419547410801,0.525649497894396,0.4933074182053775,0.4609653385163589,0.49330741820537743,0.49263362487852286,0.4911512795594428,0.491767319172567,0.49330741820537743,0.49263362487852286,0.4901366260790031,0.5114643752237737,0.5256494978943959,0.5455086696332668,0.5738455382152862,0.5755102040816327,0.5431681243926142,0.5108260447035958,0.4784839650145773,0.4760583090379008,0.47559627932805776,0.4432541996390393,0.4109121199500208,0.407891156462585,0.3755490767735666,0.3720246193715582,0.33968253968253975,0.3073404599935213,0.3305189504373178,0.2981768707482994,0.265834791059281,0.25972573156246637,0.22738365187344797,0.19504157218442952,0.18336248785228398,0.1729668193808138,0.14062473969179537,0.1082826600027769,0.0890314220926469,0
45-mins-accident-1-cap-75-unctrl,3,0,0,0,0,0,0,0,0,0,0,0,0,0,0,0,0,0,0,0,0,0,0,0,0,0,0,0,0,0,0,0,0,0,0,0,0,0,0,0,0,0,0,0,0,0,0,0,0,0,0,0,0,0,0,0,0,0,0,0,0,0,0,0.9676579203109815,0.9353158406219632,0.9029737609329446,0.8706316812439261,0.8382896015549076,0.8059475218658892,0.7736054421768707,0.7412633624878522,0.7089212827988337,0.6765792031098153,0.6442371234207968,0.6118950437317783,0.5795529640427598,0.7574344023323615,0.725092322643343,0.6927502429543245,0.7628247489471979,0.8253527696793002,0.8429098986533389,0.830204081632653,0.7978620019436345,0.7655199222546161,0.759231184537307,0.7268891048482885,0.6945470251592699,0.6927502429543245,0.6604081632653062,0.6280660835762876,0.5957240038872691,0.6307612568837058,0.7204720255449119,0.6881299458558933,0.6765792031098153,0.6644509232264334,0.6693920742900334,0.6370499946010149,0.6047079149119966,0.572365835222978,0.5400237555339595,0.5318909518694696,0.49954887218045113,0.46720679249143265,0.43486471280241423,0.4535890747276355,0.4485675413022352,0.4162254616132167,0.45788514045073814,0.47061122193238186,0.490136626079003,0.48656948493683194,0.45422740524781346,0.421885325558795,0.4156864269517332,0.38334434726271466,0.3510022675736962,0.3416076634735528,0.39156462585034024,0.3592225461613218,0.32688046647230334,0.37903206997084554,0.4750631681243927,0.4802165764264891,0.5472108843537415,0.5518311814521727,0.606504697116942,0.6044314868804664,0.572089407191448,0.5397473275024296,0.5074052478134111,0.5148688046647231,0.48252672497570454,0.45018464528668617,0.41784256559766764,0.42078275466030574,0.4275451895043732,0.39520310981535467,0.4542274052478133,0.42188532555879493,0.3895432458697765,0.35720116618075803,0.39628117913832206,0.36393909944930364,0.33159701976028516,0.36609523809523825,0.3337531584062198,0.30141107871720135,0.33698736637512167,0.3783133570888675,0.34597127739984906,0.476058309037901,0.4933074182053775,0.5189115646258504,0.6496274700356334,0.6172853903466148,0.5849433106575964,0.6636423712342079,0.6313002915451895,0.5989582118561709,0.6334564301911241,0.6534777176176592,0.6211356379286407,0.5887935582396223,0.556451478550604,0.5241093988615855,0.5975207860922146,0.5651787064031962,0.5328366267141778,0.5472108843537415,0.5148688046647231,0.48252672497570465,0.5472108843537414,0.5148688046647231,0.48252672497570465,0.5472108843537415,0.5148688046647231,0.5633819241982507,0.6183634596695823,0.6280660835762877,0.5957240038872691,0.6577129899578879,0.6253709102688694,0.5930288305798509,0.5606867508908325,0.528344671201814,0.4960025915127955,0.46366051182377716,0.4313184321347587,0.3989763524457402,0.40020143122183943,0.4049057337220603,0.37256365403304176,0.34022157434402334,0.3078794946550049,0.2755374149659865,0.30464528668610313,0.27230320699708466,0.23996112730806624,0.2376509787588507,0.2053088990698322,0.17296681938081376,0.1644962747003566,0.13215419501133813,0
45-mins-accident-1-cap-75-unctrl,4,0,0,0,0,0,0,0,0,0,0,0,0,0,0,0,0,0,0,0,0,0,0,0,0,0,0,0,0,0,0,0,0,0,0,0,0,0,0,0,0,0,0,0,0,0,0,0,0,0,0,0,0,0,0,0,0,0,0,0,0,0,0,0,0,0.9676579203109815,0.9353158406219632,0.9029737609329446,0.8706316812439261,0.8382896015549076,0.8868027210884354,0.8544606413994169,0.8221185617103983,0.78977648202138,0.7574344023323615,0.8059475218658892,0.8221185617103984,0.78977648202138,0.7574344023323614,0.725092322643343,0.747731778425656,0.7574344023323615,0.7250923226433429,0.6927502429543245,0.6604081632653062,0.6280660835762877,0.5957240038872692,0.5633819241982506,0.5934138553380536,0.5610717756490352,0.5287296959600166,0.555296404275996,0.572365835222978,0.5400237555339596,0.5536793002915451,0.57955296404276,0.5472108843537415,0.5148688046647231,0.4825267249757046,0.45018464528668617,0.4703984450923227,0.4380563654033042,0.46815246733614085,0.43581038764712243,0.4598872691933916,0.5245714285714286,0.5892555879494654,0.6517006802721088,0.6193586005830903,0.5870165208940719,0.6011143505021056,0.6207156109196925,0.588373531230674,0.5560314515416557,0.5236893718526372,0.49134729216361867,0.45900521247460024,0.42666313278558177,0.4340136054421769,0.4531248343493241,0.46635568513119535,0.4737061577877904,0.4857609329446064,0.5001678593515329,0.5148688046647231,0.5633819241982507,0.564625850340136,0.6139164237123421,0.6244725191663968,0.6118950437317784,0.5989582118561712,0.5857133601740017,0.6163053273257355,0.583963247636717,0.5957240038872693,0.5903336572724326,0.6207156109196924,0.6816858472712392,0.6493437675822207,0.6345344995140914,0.6021924198250728,0.5887935582396222,0.5751426804488028,0.5612726581315755,0.5289305784425571,0.5162163913184322,0.4838743116294136,0.45153223194039516,0.41919015225137685,0.4037807918198335,0.3884406749712873,0.35609859528226884,0.3237565155932504,0.3054153362025083,0.27307325651348985,0.30141107871720124,0.2833676026801699,0.3379386040130339,0.3466899902818271,0.37903206997084554,0.37163959461335566,0.44587236799481705,0.47755102040816344,0.4452089407191449,0.4875024295432459,0.49176731917256705,0.6226757369614513,0.5903336572724328,0.5579915775834144,0.5633819241982508,0.5310398445092324,0.5372594752186588,0.57955296404276,0.5930288305798509,0.5606867508908324,0.5766127749801218,0.5442706952911034,0.5499060576611596,0.5175639779721413,0.5223323615160349,0.48999028182701654,0.45764820213799806,0.4253061224489797,0.3929640427599612,0.36062196307094274,0.355853579527049,0.32351149983803057,0.31787613746797433,0.2855340577789559,0.27877162293488833,0.24642954324586994,0.26826044703595736,0.23591836734693894,0.20357628765792046,0.19606830487296972,0.19144800777453855,0.3208163265306123,0.2884742468415939,0.2561321671525754,0.22379008746355702,0.19144800777453855,0.15910592808552015,0.1914480077745386,0.15910592808552018,0.12676384839650176,0
45-mins-accident-1-cap-75-unctrl,5,0,0,0,0,0,0,0,0,0,0,0,0,0,0,0,0,0,0,0,0,0,0,0,0,0,0,0,0,0,0,0,0,0,0,0,0,0,0,0,0,0,0,0,0,0,0,0,0,0,0,0,0,0,0,0,0,0,0,0,0,0,0,0,0,0,0.9676579203109815,0.9353158406219632,0.935315840621963,0.9029737609329447,0.8706316812439261,0.8382896015549077,0.8059475218658891,0.7736054421768708,0.7412633624878522,0.7089212827988338,0.6765792031098152,0.6442371234207969,0.7304826692581794,0.698140589569161,0.6657985098801423,0.7170068027210884,0.6846647230320699,0.7153896987366375,0.683047619047619,0.7035309361839973,0.713541579897265,0.6811995002082466,0.744497570456754,0.7353829843625763,0.7030409046735577,0.6706988249845393,0.6383567452955208,0.6361516034985422,0.655787866166875,0.6463932620667314,0.6580980147160904,0.6257559350270719,0.6392614188532555,0.6550178166504697,0.6226757369614512,0.5903336572724328,0.5835957240038873,0.6170016878932024,0.6038095238095237,0.5903336572724327,0.5766127749801219,0.5442706952911034,0.5364301911240686,0.5251594663839563,0.4928173866949376,0.48252672497570454,0.45018464528668617,0.43886491739552963,0.4065228377065112,0.39401155951102257,0.38190692149875827,0.34956484180973973,0.38118820861678004,0.3739497431625711,0.3416076634735527,0.3531584062196308,0.3969153375635969,0.42164751614931695,0.5034539530097755,0.5281861315954955,0.522055933484505,0.5148688046647232,0.48252672497570454,0.5034539530097755,0.471111873320757,0.4387697936317385,0.4319922254616133,0.5264195474108011,0.5633819241982506,0.572089407191448,0.5849433106575964,0.5526012309685778,0.5202591512795594,0.5994557823129251,0.6205195983155167,0.5881775186264981,0.5815743440233236,0.5738455382152862,0.5863618229246587,0.5747016520894072,0.5810230585740791,0.5486809788850605,0.5163388991960421,0.5050255630202393,0.4933074182053774,0.501392938127632,0.511928615602085,0.5236893718526372,0.5610717756490351,0.555296404275996,0.5506153137946909,0.5472108843537413,0.514868804664723,0.4825267249757045,0.45018464528668617,0.41784256559766764,0.44371622934888244,0.43316249808193963,0.4232329122125041,0.3908908325234857,0.35854875283446724,0.32620667314544877,0.2938645934564303,0.29453838678328487,0.30002498958767193,0.2676829098986535,0.2536443148688048,0.2399611273080662,0.24966375121477177,0.24175790951301174,0.2699930584478691,0.2376509787588506,0.20530889906983218,0.2022287010042114,0.20438483965014598,0.2157045675413024,0.18336248785228396,0.2022287010042114,0.2561321671525755,0.22379008746355702,0.1914480077745386,0.15910592808552018,0.12676384839650176,0.09442176870748333,0.06207968901846479,0.029737609329446364,0,0,0,0,0,0,0,0,0,0,0,0,0,0
45-mins-accident-1-cap-75-unctrl,6,0,0,0,0,0,0,0,0,0,0,0,0,0,0,0,0,0,0,0,0,0,0,0,0,0,0,0,0,0,0,0,0,0,0,0,0,0,0,0,0,0,0,0,0,0,0,0,0,0,0,0,0,0,0,0,0,0,0,0,0,0,0,0,0,0,0,0,0.9676579203109815,0.9514868804664723,0.9191448007774539,0.8868027210884353,0.8544606413994169,0.8221185617103984,0.78977648202138,0.7574344023323614,0.725092322643343,0.6927502429543245,0.660408163265306,0.6280660835762875,0.7197019760285066,0.7574344023323615,0.725092322643343,0.747731778425656,0.7153896987366375,0.683047619047619,0.6507055393586005,0.6183634596695822,0.5860213799805637,0.6226757369614513,0.5903336572724328,0.6165153408302096,0.5841732611411912,0.6038095238095238,0.5714674441205053,0.6248318756073858,0.6265959890449687,0.5942539093559502,0.650117501546073,0.6798134110787172,0.6474713313896987,0.6471773124834348,0.6148352327944164,0.582493153105398,0.5501510734163795,0.517808993727361,0.4854669140383425,0.4531248343493242,0.46635568513119535,0.4750631681243926,0.47983155166828645,0.4884071031009807,0.4560650234119621,0.4663556851311953,0.4340136054421769,0.4016715257531585,0.36932944606414003,0.3369873663751216,0.30464528668610313,0.36932944606414003,0.39432105309656346,0.4501846452866862,0.46366051182377716,0.4707659687251525,0.48252672497570465,0.540742468415938,0.6054266277939747,0.6089548546691405,0.6648184468592632,0.6324763671702447,0.6307612568837058,0.653057690608711,0.6207156109196924,0.588373531230674,0.5560314515416557,0.5606867508908325,0.528344671201814,0.4960025915127955,0.5060482374768088,0.5213372206025266,0.4889951409135082,0.4566530612244898,0.4737061577877904,0.441364078098772,0.45557499190152256,0.5010079133694294,0.46866583368041104,0.43632375399139256,0.40398167430237414,0.40042759961127317,0.3989763524457403,0.4474894719792679,0.4531248343493242,0.5049173955296404,0.512173631357305,0.5173566569484938,0.5256494978943959,0.5383903171658274,0.556913508260447,0.5245714285714286,0.5892555879494654,0.556913508260447,0.5245714285714286,0.5354501281031893,0.5031080484141709,0.5589716406042936,0.6211356379286409,0.5887935582396223,0.5564514785506038,0.5241093988615856,0.491767319172567,0.4594252394835485,0.49638761627099826,0.4640455365819798,0.5010079133694294,0.5472108843537414,0.5148688046647231,0.5198445092322642,0.4875024295432459,0.4551603498542274,0.4617353880327641,0.4626239067055394,0.4302818270165209,0.4707659687251524,0.438423889036134,0.4469504373177843,0.41460835762876586,0.3822662779397474,0.34992419825072896,0.31758211856171054,0.3172227621207214,0.28488068243170295,0.2525386027426845,0.24804664723032083,0.21570456754130235,0.2099291961682634,0.3127308066083577,0.2803887269193393,0.24804664723032085,0.2157045675413024,0.18336248785228398,0.15102040816326556,0.15910592808552015,0.1267638483965017,0.14293488824101097,0
45-mins-accident-1-cap-75-unctrl,7,0,0,0,0,0,0,0,0,0,0,0,0,0,0,0,0,0,0,0,0,0,0,0,0,0,0,0,0,0,0,0,0,0,0,0,0,0,0,0,0,0,0,0,0,0,0,0,0,0,0,0,0,0,0,0,0,0,0,0,0,0,0,0,0.9676579203109815,0.9353158406219632,0.9029737609329446,0.8706316812439261,0.8382896015549076,0.8059475218658892,0.7736054421768707,0.7412633624878522,0.7089212827988337,0.8221185617103984,0.78977648202138,0.7574344023323614,0.725092322643343,0.6927502429543245,0.7628247489471979,0.7304826692581794,0.7655199222546161,0.7800738581146744,0.747731778425656,0.7153896987366375,0.683047619047619,0.7035309361839973,0.671188856494979,0.7210495626822157,0.6887074829931973,0.6563654033041788,0.6622049454702517,0.6298628657812331,0.6345344995140912,0.6021924198250729,0.6668765792031097,0.6345344995140914,0.6354165562328827,0.6030744765438643,0.5707323968548459,0.5741626174279235,0.5745772594752186,0.5726225183951131,0.5402804387060948,0.5472108843537414,0.5472108843537414,0.545054745707807,0.5127126660187885,0.4803705863297701,0.5127126660187884,0.4803705863297701,0.4802165764264889,0.48252672497570465,0.45018464528668617,0.4178425655976677,0.3855004859086492,0.38280531260123096,0.3504632329122126,0.38226627793974743,0.3499241982507289,0.3766799187207351,0.37903206997084554,0.3466899902818271,0.34956484180973985,0.38226627793974743,0.4469504373177844,0.4648855905998764,0.5207491827899992,0.5283446712018142,0.4960025915127957,0.5060482374768089,0.5213372206025267,0.5436173199438507,0.5112752402548321,0.4789331605658137,0.5027405247813411,0.633456430191124,0.6011143505021056,0.5687722708130871,0.6442371234207969,0.6474713313896987,0.6471773124834349,0.6691156462585034,0.6604081632653062,0.6507055393586005,0.6183634596695822,0.5860213799805636,0.57955296404276,0.5719430629394616,0.539600983250443,0.5391253644314868,0.5338935574229692,0.5015514777339507,0.4692093980449323,0.4939415766306523,0.5436173199438505,0.5415034585262675,0.5411467444120506,0.5428986070618723,0.5105565273728538,0.4782144476838354,0.4784839650145773,0.4461418853255588,0.41379980563654034,0.41594009032184304,0.41604578339272225,0.491510636000432,0.485931154416654,0.45358907472763543,0.4447942986718497,0.43686731835591386,0.46159949694163377,0.5168901846452868,0.5170249433106576,0.5194891017631542,0.5191810819565921,0.4868390022675737,0.5191810819565922,0.5515231616456107,0.5472108843537415,0.5415034585262676,0.5662356371119877,0.5338935574229691,0.5015514777339507,0.4986977648202139,0.5333499930584479,0.5010079133694294,0.468665833680411,0.4363237539913925,0.403981674302374,0.3716395946133556,0.365597667638484,0.33325558794946564,0.3009135082604471,0.2911694201490121,0.28259386871631775,0.3064420688910485,0.30868804664723043,0.27634596695821195,0.24400388726919353,0.21166180758017508,0.2053088990698322,0.20222870100421142,0.16988662131519297,0.13754454162617455,0.12676384839650173,0
45-mins-accident-1-cap-75-unctrl,8,0,0,0,0,0,0,0,0,0,0,0,0,0,0,0,0,0,0,0,0,0,0,0,0,0,0,0,0,0,0,0,0,0,0,0,0,0,0,0,0,0,0,0,0,0,0,0,0,0,0,0,0,0,0,0,0,0,0,0,0,0,0,0,0,0.9676579203109815,0.9353158406219632,0.935315840621963,0.9029737609329447,0.9191448007774539,0.8868027210884355,0.8544606413994168,0.8221185617103984,0.78977648202138,0.7574344023323616,0.7250923226433429,0.747731778425656,0.7153896987366375,0.7304826692581794,0.7366430653894209,0.7372206025267248,0.7340762336680703,0.7017341539790519,0.6992186588921281,0.7170068027210884,0.6846647230320699,0.6523226433430515,0.6199805636540331,0.5876384839650145,0.5552964042759961,0.5229543245869777,0.4906122448979591,0.49745383867832843,0.5010079133694294,0.5310398445092323,0.5321179138321995,0.49977583414318105,0.5010079133694294,0.4686658336804109,0.5094784580498866,0.4771363783608682,0.4850145772594753,0.48945717062335137,0.4911512795594428,0.4588091998704244,0.4602915451895044,0.45665306122448984,0.45827016520894076,0.48656948493683194,0.5148688046647231,0.5148688046647231,0.5171789532139387,0.48483687352492016,0.48750242954324585,0.5383903171658274,0.5060482374768088,0.47370615778779046,0.44136407809877193,0.40902199840975356,0.4259280855199223,0.43774538386783285,0.4054033041788144,0.4043666990605767,0.4528798185941043,0.5051661807580176,0.5178089937273611,0.5596501457725946,0.6098736637512149,0.5775315840621963,0.5451895043731779,0.5128474246841594,0.5411467444120506,0.5428986070618723,0.575240686750891,0.5428986070618723,0.5752406867508907,0.5428986070618723,0.5472108843537414,0.6097389050858438,0.6188254893794252,0.6118950437317784,0.6038095238095237,0.5714674441205053,0.5391253644314868,0.5067832847424685,0.5034539530097754,0.4711118733207569,0.43876979363173846,0.40642771394272,0.39762876579203116,0.38981276320051833,0.35747068351149996,0.32512860382248143,0.31388588088296554,0.32728474246841605,0.3161960294321811,0.33159701976028516,0.399874743548213,0.3675326638591946,0.3351905841701761,0.30284850448115763,0.30464528668610313,0.2723032069970847,0.3612439261418855,0.328901846452867,0.41784256559766775,0.3855004859086493,0.35315840621963085,0.4286232588273406,0.47790642787727344,0.5202591512795596,0.6496274700356333,0.6172853903466149,0.6396168263223656,0.6072747466333472,0.6711888564949788,0.7210495626822157,0.6887074829931973,0.690953460749379,0.6586113810603605,0.6262693013713422,0.5939272216823236,0.5615851419933052,0.5292430623042867,0.5593391642371234,0.5269970845481049,0.4946550048590864,0.462312925170068,0.4299708454810495,0.39762876579203116,0.3652866861030127,0.3329446064139942,0.3006025267249758,0.3069554352353187,0.2746133555463003,0.2830839002267575,0.250741820537739,0.2183997408487206,0.18605766115970215,0.1849795918367349,0.15263751214771648,0.15102040816326553,0.11867832847424711,0.11598315516682894,0.08364107547781045,0
45-mins-accident-1-cap-75-offline,1,0,0,0,0,0,0,0,0,0,0,0,0,0,0,0,0,0,0,0,0,0,0,0,0,0,0,0,0,0,0,0,0,0,0,0,0,0,0,0,0,0,0,0,0,0,0,0,0,0,0,0,0,0,0,0,0,0,0,0,0,0,0,0,0,0,0,0,0,0,0.967657920314894,0.9353158406258755,0.902973760936857,0.8706316812478384,0.83828960155882,0.8059475218698016,0.7736054421807831,0.8544606414048832,0.8221185617193749,0.7897764820338666,0.8275089083370691,0.7951668286515606,0.8447580175054279,0.8124159378199195,0.8132741121342241,0.8138870937872976,0.7878249486024032,0.7617628034175087,0.7357006582326141,0.7741632879260041,0.7538927305599747,0.7336221731939456,0.7420164542451247,0.7488845023779075,0.7734841930663633,0.7594507302744967,0.7793616318182794,0.767199297398662,0.7703471527928542,0.7589449642744628,0.7623932007115962,0.7516617291648751,0.7409302576181536,0.7451877424007971,0.7489970708905307,0.7524254665312908,0.7433037157165778,0.7468399665732042,0.7708835117392928,0.7632820527270315,0.7556805937147709,0.7480791347025098,0.7404776756902486,0.7328762166779876,0.7252747576657267,0.7176732986534656,0.7100718396412046,0.7024703806289434,0.6948689216166827,0.6872674626044216,0.6796660035921605,0.6720645445798996,0.6644630855676386,0.6832568860511176,0.6873528066984661,0.6797175009032631,0.6829852611313062,0.6855864322704167,0.6879624103898975,0.6798579362517256,0.6823420601098819,0.6744990206213196,0.6666559811327575,0.6588129416441951,0.650969902155633,0.6542791482087071,0.6573878338949654,0.6500201301330022,0.642652426371039,0.635284722609076,0.6279170188471127,0.6205493150851497,0.6131816113231867,0.6174076161623967,0.6319090201493179,0.6251552917008167,0.6184015632523154,0.622143839268576,0.625689153389277,0.6383263401163037,0.6322479845127938,0.6344986116263582,0.6358720165039272,0.6364294006969369,0.636403702130731,0.6363791457230161,0.6363556569852001,0.6284273670674497,0.6204990771496994,0.6125707872319491,0.6130543590734704,0.6052947561752456,0.6059198375837493,0.5983218930792372,0.590723948574725,0.5831260040702128,0.575528059565701,0.5679301150611886,0.5603321705566764,0.5527342260521645,0.5451362815476524,0.5469763301647084,0.5487427768370824,0.5414487501127502,0.5341547233884184,0.5361379379059669,0.5380448749420709,0.5310313877071362,0.5240179004722013,0.5170044132372664,0.5099909260023315,0.5029774387673966,0.4959639515324619,0.4889504642975269,0.48193697706259186,0.47492348982765714,0.4679100025927222,0.4608965153577872,0.4538830281228524,0.4468695408879176,0.4398560536529827,0.4328425664180479,0.42582907918311286,0.418815591948178,0.4118021047132432,0.4047886174783082,0.3977751302433735,0.39076164300843863,0.38374815577350374,0.37673466853856874,0.369721181303634,0.36270769406869924,0.3556942068337643,0.3486807195988293,0.34166723236389446,0
45-mins-accident-1-cap-75-offline,2,0,0,0,0,0,0,0,0,0,0,0,0,0,0,0,0,0,0,0,0,0,0,0,0,0,0,0,0,0,0,0,0,0,0,0,0,0,0,0,0,0,0,0,0,0,0,0,0,0,0,0,0,0,0,0,0,0,0,0,0,0,0,0,0,0,0,0,0,0,0,0.9676579203143167,0.9353158406286336,0.9245351474000355,0.8921930677143156,0.8598509880285956,0.8275089083428755,0.7951668286571554,0.8140330418071134,0.7816909621213604,0.7493488824356072,0.7671370262627121,0.7755416858372729,0.7815450141046936,0.7554828689202961,0.7294207237358987,0.703358578551501,0.6772964333671038,0.651234288182706,0.6720256251233042,0.7193769984692963,0.7283031789453465,0.7117181774640599,0.7205387446508601,0.7053358266263321,0.713968838709354,0.6999353759174785,0.6859019131256029,0.6953064181670305,0.6822753455745728,0.6692442729821149,0.6562132003896571,0.6431821277971993,0.6548076515244237,0.6426453171047949,0.6304829826851659,0.6421756077489396,0.6307734192305362,0.6193712307121328,0.6310296867705683,0.6202982152238345,0.6095667436771011,0.5988352721303676,0.5881038005836342,0.5773723290369005,0.566640857490167,0.5559093859434335,0.5451779143967,0.5344464428499665,0.523714971303233,0.5642483945189692,0.5546465515560988,0.5450447085932281,0.5586707223488375,0.5495489715341085,0.5623116387803596,0.5536242570520444,0.5449368753237293,0.5942183068959839,0.603152173968356,0.595854773316567,0.6043820891007479,0.611399298523991,0.6037639927287431,0.5961286869334954,0.6023817619461104,0.5942108614920645,0.5998732188255438,0.5915428472449564,0.5970536115319723,0.58894913739382,0.5943658031507562,0.5994439272978772,0.5918459827934597,0.5842480382890418,0.5766500937846241,0.5690521492802064,0.5747434712976507,0.5673757675357075,0.5600080637737639,0.5657979964820646,0.5586469898895937,0.5514959832971226,0.5696591446655158,0.5629054162170826,0.5681475880992319,0.573113856198116,0.5883798077846469,0.5823014521810833,0.5857702874003368,0.5883038904737666,0.5809748813424426,0.5736458722111185,0.5756503760387419,0.5677396675922052,0.5598289591456687,0.5519182506991321,0.5538132600873951,0.5652843936440793,0.5667740589661673,0.5590144560679164,0.5606037103952969,0.5530057658907587,0.5454078213862208,0.5472423283738928,0.5490034550820577,0.5506955179977453,0.552322501570522,0.5538880895367785,0.5470069322496487,0.5401257749625189,0.533244617675389,0.5263634603882592,0.5194823031011294,0.5126011458139997,0.5057199885268698,0.49883883123974015,0.4919576739526104,0.48507651666548063,0.4781953593783506,0.471314202091221,0.4644330448040912,0.45755188751696135,0.4506707302298317,0.443789572942702,0.436908415655572,0.4300272583684423,0.4231461010813125,0.41626494379418266,0.4093837865070529,0.402502629219923,0.3956214719327934,0.3887403146456634,0.38185915735853376,0.374978000071404,0
45-mins-accident-1-cap-75-offline,3,0,0,0,0,0,0,0,0,0,0,0,0,0,0,0,0,0,0,0,0,0,0,0,0,0,0,0,0,0,0,0,0,0,0,0,0,0,0,0,0,0,0,0,0,0,0,0,0,0,0,0,0,0,0,0,0,0,0,0,0,0,0,0,0,0,0,0.9676579203766222,0.9514868805649346,0.919144800941558,0.9272303208473993,0.8948882412240196,0.8625461616006399,0.8302040819772603,0.7978620023538805,0.7655199227305007,0.733177843107121,0.7008357634837413,0.6684936838603616,0.6361516042369818,0.603809524613602,0.650705540067503,0.6785154473468277,0.6983796668319957,0.7132778314458644,0.6904734544137326,0.7045947354503086,0.7158917602795677,0.7251347805944149,0.7085497791164955,0.6919647776385762,0.6753797761606568,0.6872285434591753,0.6720256254377485,0.6568227074163219,0.6416197893948951,0.6551540351139704,0.6667548171588917,0.6537237445690967,0.6406926719793015,0.652484159430206,0.6826369044232915,0.6719054328787543,0.6611739613342169,0.6698623514680305,0.7083374909603525,0.6996501092338215,0.7178355338110043,0.7099035765824323,0.7143894685474491,0.7067880095367345,0.6991865505260194,0.6915850915153047,0.6839836325045896,0.6763821734938747,0.6687807144831597,0.6611792554724448,0.6535777964617296,0.645976337451015,0.6776769941649913,0.670041688373525,0.6624063825820585,0.6547710767905923,0.6702495964730526,0.6619192248996919,0.6650841099322683,0.678418408558317,0.6708204640551321,0.6920891607333267,0.6851424686162467,0.6871347827073535,0.6803810542600224,0.6824482088988304,0.6844065659251848,0.6780082968699295,0.6800302835119789,0.6737960726378729,0.6675618617637664,0.6613276508896606,0.6637161040154088,0.6576377484133984,0.6666117036475178,0.666454211401469,0.6585435029611761,0.6506327945208832,0.6502842915522966,0.6419956248228211,0.641846803468961,0.6337423293333857,0.6256378551978103,0.625847872778233,0.6179195828629557,0.6099912929476785,0.6020630030324012,0.594134713117124,0.5950105418571071,0.5872509389612844,0.5966549550015315,0.5974278291793812,0.5981703945659322,0.5910193879756084,0.5918709125124851,0.5848574252796618,0.5778439380468385,0.5708304508140155,0.5720468321928662,0.5732181624095388,0.5664644339631164,0.5597107055166938,0.5529569770702714,0.5462032486238491,0.5394495201774266,0.5326957917310042,0.5259420632845817,0.5191883348381592,0.5124346063917368,0.5056808779453144,0.4989271494988919,0.49217342105246936,0.48541969260604684,0.47866596415962437,0.4719122357132018,0.4651585072667793,0.45840477882035696,0.4516510503739344,0.44489732192751213,0.43814359348108955,0.431389865034667,0.4246361365882446,0.41788240814182226,0.4111286796953995,0.40437495124897727,0.39762122280255485,0.3908674943561323,0.3841137659097098,0.37736003746328745,0.3706063090168648,0.36385258057044245,0.35709885212401987,0.35034512367759757,0.34359139523117505,0.3368376667847526,0.3300839383383301,0.3233302098919076,0.3165764814454852,0
45-mins-accident-1-cap-75-offline,4,0,0,0,0,0,0,0,0,0,0,0,0,0,0,0,0,0,0,0,0,0,0,0,0,0,0,0,0,0,0,0,0,0,0,0,0,0,0,0,0,0,0,0,0,0,0,0,0,0,0,0,0,0,0,0,0,0,0,0,0,0,0,0,0.9676579204867207,0.9353158407977024,0.9029737611086839,0.8706316814196655,0.838289601730647,0.8059475220416286,0.77360544235261,0.7412633626635916,0.8814123745641508,0.8787172012662667,0.8463751216094205,0.8447580176306104,0.8124159379736845,0.7800738583167585,0.7863223792306503,0.7559165431973351,0.7255107071640198,0.6951048711307046,0.6646990350973895,0.6865370277665236,0.6604748825924277,0.6344127374183318,0.6083505922442359,0.58228844707014,0.6116980141561724,0.5888936371259723,0.5660892600957723,0.5432848830655721,0.520480506035372,0.4976761290051719,0.5332193350871152,0.5616538999516489,0.5434103983248941,0.5251668966981394,0.5069233950713847,0.48867989344463,0.5185785380157183,0.5019935365363183,0.4854085350569184,0.5130882391124824,0.5365095271593785,0.5224760643687731,0.5084426015781679,0.5618212536158205,0.5496589191972289,0.5374965847786372,0.5253342503600453,0.5131719159414538,0.501009581522862,0.48884724710427047,0.4766849126856787,0.4645225782670871,0.4523602438484954,0.4401979094299037,0.428035575011312,0.4158732405927204,0.4409789745382333,0.4295767860207913,0.4523996211796142,0.5004399233564837,0.5393296917853599,0.5519767505096188,0.5817105622887576,0.5741091032770314,0.5838473384946862,0.5765499378434221,0.5692525371921581,0.5788030159047006,0.586767598410593,0.5933549980153975,0.599046867885157,0.5907164963071714,0.5962548056264078,0.601435804667388,0.5935927651801879,0.5857497256929876,0.5779066862057873,0.5961203954023215,0.5887526916416306,0.6053058457164698,0.5983591535994022,0.5914124614823345,0.5844657693652671,0.5892546584358135,0.5825009299887283,0.5872134933919315,0.5806422981461813,0.5740711029004312,0.5674999076546813,0.5724832199771782,0.5877807033761983,0.5911158983241703,0.6022230550747085,0.5943123466310218,0.5952438538399,0.5961339607283562,0.6055601467360808,0.6061796991753196,0.6067739637598915,0.6073444577610763,0.600050431037459,0.6007415728567038,0.5935905662649181,0.5864395596731329,0.5873791578297796,0.5803656705955251,0.5733521833612707,0.5745209848793338,0.5676398275928929,0.5607586703064518,0.5538775130200106,0.5553853121088723,0.5486315836610675,0.5418778552132627,0.5351241267654577,0.5283703983176531,0.5216166698698481,0.5148629414220431,0.5081092129742385,0.5013554845264336,0.4946017560786287,0.4878480276308241,0.4810942991830192,0.4743405707352143,0.4675868422874096,0.46083311383960474,0.4540793853918,0.44732565694399506,0.44057192849619004,0.4338182000483854,0.4270644716005804,0.4203107431527757,0.41355701470497086,0.406803286257166,0.40004955780936124,0.3932958293615564,0.3865421009137514,0.3797883724659467,0.37303464401814185,0.3662809155703372,0.35952718712253223,0
45-mins-accident-1-cap-75-offline,5,0,0,0,0,0,0,0,0,0,0,0,0,0,0,0,0,0,0,0,0,0,0,0,0,0,0,0,0,0,0,0,0,0,0,0,0,0,0,0,0,0,0,0,0,0,0,0,0,0,0,0,0,0,0,0,0,0,0,0,0,0,0,0,0,0,0,0,0,0,0,0,0.9676579203120441,0.9514868804680661,0.91914480078011,0.8868027210921541,0.854460641404198,0.822118561716242,0.789776482028286,0.75743440234033,0.725092322652374,0.7843861354136266,0.7520440557256706,0.7816909621062971,0.7930106899970815,0.8260883476699548,0.8000262024848512,0.7739640572997477,0.7794141731003139,0.7566097960633482,0.7338054190263827,0.7431120373239263,0.7505573319619613,0.7940875617941452,0.7800540990021665,0.78273344790946,0.7850555502957809,0.7870873898838119,0.7756852013653293,0.7781487179735025,0.7674172464266951,0.770203231831005,0.7840611578331185,0.7749394070183321,0.7769691963843296,0.7682818146559618,0.7705219587036125,0.7622294579628975,0.7539369572221827,0.7456444564814682,0.7373519557407533,0.7290594550000385,0.7207669542593237,0.7124744535186092,0.7041819527778943,0.6958894520371796,0.6875969512964649,0.6793044505557501,0.6710119498150353,0.7031931151854022,0.7075920332053589,0.7203074160936233,0.721621616371722,0.7132912447909799,0.7147437291597001,0.7066392550214531,0.6985347808832056,0.6904303067449586,0.6823258326067115,0.6742213584684644,0.6768873074163284,0.6690442679276909,0.6717886900503311,0.6641907455457118,0.6669990797974308,0.6696422179167105,0.6624912113241498,0.665187627453543,0.6767143982899008,0.6701432030426664,0.6724253760113429,0.6745905144688069,0.6683563035932278,0.6621220927176491,0.6644906847960192,0.6584123291923307,0.6523339735886421,0.6462556179849538,0.6401772623812653,0.6340989067775766,0.6363043894455461,0.637634799612949,0.6381511888495892,0.6302404804028096,0.6303554391159051,0.6220667723836099,0.6223608144146185,0.6226420720094964,0.6147137820916484,0.6151517582977624,0.6234169653831397,0.6236545993510568,0.6163605726266368,0.6167319077472714,0.6170889607478816,0.6100754735128624,0.603061986277843,0.6036702254759779,0.6042559372964043,0.5975022088478673,0.5907484803993299,0.583994751950793,0.5772410235022558,0.5704872950537183,0.5637335666051815,0.5569798381566444,0.550226109708107,0.5434723812595701,0.5367186528110329,0.5299649243624959,0.5232111959139585,0.5164574674654214,0.5097037390168844,0.5029500105683472,0.4961962821198102,0.4894425536712731,0.4826888252227358,0.4759350967741987,0.46918136832566165,0.4624276398771245,0.4556739114285873,0.4489201829800502,0.44216645453151293,0.4354127260829758,0.4286589976344388,0.4219052691859017,0.4151515407373647,0.40839781228882743,0.40164408384029027,0.39489035539175316,0.388136626943216,0.3813828984946789,0.3746291700461417,0.36787544159760455,0.36112171314906755,0
45-mins-accident-1-cap-75-offline,6,0,0,0,0,0,0,0,0,0,0,0,0,0,0,0,0,0,0,0,0,0,0,0,0,0,0,0,0,0,0,0,0,0,0,0,0,0,0,0,0,0,0,0,0,0,0,0,0,0,0,0,0,0,0,0,0,0,0,0,0,0,0,0,0,0,0,0,0.9676579204951665,0.935315840806148,0.9029737611171296,0.8706316814281111,0.8382896017390925,0.8059475220500741,0.7736054423610557,0.7412633626720372,0.7089212829830186,0.6765792032940002,0.8059475219997823,0.7736054423525643,0.7412633627053464,0.7089212830581286,0.6765792034109107,0.7520440559592224,0.7197019763111712,0.6873598966631199,0.6550178170150686,0.6226757373670172,0.590333657718966,0.6604081636408093,0.6959844512656237,0.6636423716186,0.6892961403229005,0.7076202608121805,0.6815581156333034,0.6554959704544262,0.6294338252755489,0.6915113067406646,0.6712407493781247,0.6509701920155845,0.6306996346530445,0.6104290772905044,0.6646751526676622,0.7022301279286415,0.7297704431199761,0.717608108701796,0.7238554133908746,0.7124532248738156,0.7010510363567566,0.6896488478396976,0.6782466593226386,0.6668444708055795,0.6554422822885204,0.6440400937714612,0.6326379052544022,0.6212357167373431,0.6098335282202842,0.5984313397032253,0.587029151186166,0.6005900825120891,0.5898586109666104,0.6025089650088381,0.5923736863269888,0.5822384076451397,0.5946240169125675,0.6416100593210948,0.649260273425615,0.6413283161962697,0.6627246502495545,0.668680047690899,0.6616633162956872,0.6665589987877412,0.65892369299445,0.6512883872011591,0.643653081407868,0.636017775614577,0.628382469821286,0.620747164027995,0.6261210077188986,0.6306830151858677,0.6223526436086609,0.6268364146843131,0.631030910207086,0.6231878707196757,0.6153448312322652,0.6197673607535248,0.6121694162507924,0.6165541544226123,0.620680966818977,0.6350005179930812,0.6282467895460173,0.6214930610989536,0.61473933265189,0.6185805878750464,0.6120093926293354,0.6054381973836244,0.6094231336606784,0.6030248646057228,0.6069695033572451,0.6007352924832734,0.5945010816093015,0.5882668707353296,0.5924818433649286,0.5864034877629107,0.5803251321608931,0.5742467765588753,0.5681684209568574,0.56209006535484,0.5560117097528221,0.5499333541508042,0.5541916551778101,0.5474727209402013,0.5606097929189223,0.562307267258168,0.5540186005273889,0.5558248241566026,0.557552516323661,0.549624226407167,0.5416959364906729,0.5337676465741792,0.5258393566576849,0.5179110667411911,0.5099827768246972,0.5020544869082031,0.49412619699170907,0.48619790707521515,0.4782696171587211,0.4703413272422272,0.4624130373257332,0.4544847474092393,0.44655645749274536,0.4386281675762513,0.43069987765975737,0.42277158774326334,0.4148432978267693,0.40691500791027524,0.3989867179937813,0.3910584280772874,0.3831301381607934,0.37520184824429953,0.3672735583278054,0.35934526841131154,0.35141697849481757,0.3434886885783236,0.3355603986618296,0
45-mins-accident-1-cap-75-offline,7,0,0,0,0,0,0,0,0,0,0,0,0,0,0,0,0,0,0,0,0,0,0,0,0,0,0,0,0,0,0,0,0,0,0,0,0,0,0,0,0,0,0,0,0,0,0,0,0,0,0,0,0,0,0,0,0,0,0,0,0,0,0,0,0,0,0,0,0,0.9676579203255918,0.9353158406365731,0.9353158406431188,0.9029737609679508,0.9191448008086347,0.886802721133294,0.8544606414579532,0.8221185617826124,0.7897764821072718,0.7994791060103927,0.8024934189639529,0.7720875829192453,0.8062613101554551,0.783456933121476,0.760652556087497,0.7378481790535182,0.7467056017941665,0.7264350444296503,0.7061644870651341,0.6858939297006182,0.6990610351021807,0.6808175334738051,0.6932491198593037,0.6766641183787846,0.7123746373753531,0.719888233542307,0.7068571609503574,0.6938260883584081,0.6807950157664587,0.689913013629529,0.6777506792103634,0.686489073241739,0.6941994209164764,0.6834679493701394,0.6909177846113647,0.6975834266692921,0.7035825045214176,0.7090102416257137,0.7263817416457106,0.7301810433984407,0.7225795843864091,0.7149781253743771,0.7073766663623456,0.6997752073503137,0.692173748338282,0.6845722893262502,0.6769708303142185,0.6693693713021868,0.6617679122901551,0.6541664532781232,0.6465649942660915,0.6534049938438932,0.6461075931923388,0.6388101925407844,0.6315127918892299,0.6242153912376753,0.6169179905861211,0.6096205899345665,0.6176184512336622,0.6106017198379337,0.6035849884422052,0.6106317201126543,0.6029964143179998,0.5953611085233456,0.5877258027286909,0.5800904969340365,0.5869163644475706,0.578745463994463,0.5705745635413556,0.5624036630882483,0.5542327626351404,0.546061862182033,0.5378909617289255,0.5297200612758179,0.5215491608227104,0.513378260369603,0.5218279487773899,0.5134975771979218,0.5216098504868406,0.529198751305674,0.5213557118176313,0.5287154013196398,0.521117456815949,0.5135195123122585,0.5059215678085678,0.513525937749895,0.5061582339884512,0.5135319852203908,0.5204843792390985,0.5135376871212455,0.5065909950033929,0.49964430288554007,0.49269761076768737,0.5135481662904314,0.5069769710438613,0.5004057757972912,0.49383458055072094,0.4872633853041508,0.49435818505609225,0.48795991600024824,0.4815616469444039,0.4751633778885598,0.46876510883271566,0.46236683977687143,0.46991809454872924,0.4636838836738399,0.45744967279895066,0.46493507537598927,0.45885671977300185,0.4527783641700145,0.44670000856702713,0.44062165296403977,0.4345432973610522,0.42846494175806493,0.4223865861550774,0.41630823055209004,0.41022987494910257,0.40415151934611504,0.3980731637431277,0.39199480814014026,0.3859164525371529,0.37983809693416537,0.37375974133117795,0.3676813857281906,0.36160303012520306,0.3555246745222157,0.3494463189192282,0.34336796331624087,0.33728960771325334,0.331211252110266,0.32513289650727856,0.3190545409042911,0.3129761853013037,0.3068978296983163,0.30081947409532883,0.29474111849234136,0
45-mins-accident-1-cap-75-offline,8,0,0,0,0,0,0,0,0,0,0,0,0,0,0,0,0,0,0,0,0,0,0,0,0,0,0,0,0,0,0,0,0,0,0,0,0,0,0,0,0,0,0,0,0,0,0,0,0,0,0,0,0,0,0,0,0,0,0,0,0,0,0,0,0,0,0,0,0,0,0.9676579203962734,0.935315840707255,0.9029737610182365,0.870631681329218,0.9029737610161177,0.8706316813676263,0.838289601719135,0.886802721210801,0.8941293114389502,0.8637234754040336,0.8333176393691167,0.8029118033342,0.805005114828489,0.8065750984484888,0.78377072142205,0.760966344395611,0.7381619673691722,0.7469845247461007,0.7540425706463478,0.7357990690212053,0.7175555673960627,0.69931206577092,0.6810685641457773,0.6628250625206347,0.6768923280860139,0.6603073266078144,0.6437223251296151,0.6271373236514156,0.6105523221732163,0.5939673206950168,0.5773823192168175,0.5607973177386181,0.5442123162604187,0.5276273147822192,0.5110423133040197,0.5722331100058271,0.5897568152718566,0.5767257426811595,0.592781692084388,0.5806193576663605,0.5684570232483331,0.5562946888303055,0.5441323544122781,0.5319700199942505,0.5198076855762231,0.5076453511581956,0.4954830167401682,0.4833206823221407,0.4711583479041132,0.4928087626431803,0.5119120697658701,0.5011805982205118,0.49044912667515334,0.5344842177476602,0.5486382560466571,0.5395165052330368,0.552756908970846,0.5837156553092911,0.593459377326634,0.5858579183151973,0.5782564593037605,0.5706550002923237,0.5966648073361805,0.5896480759409856,0.6107880272086659,0.6158787581421892,0.6075483865656668,0.5992180149891442,0.6044729403529925,0.6093888382750544,0.6015457987891486,0.5937027593032423,0.5858597198173362,0.5912036590712093,0.5836057145693745,0.5760077700675393,0.5684098255657044,0.5608118810638693,0.5667529081810803,0.572344463115114,0.5776165006244444,0.5706698085084922,0.56372311639254,0.5690881902690091,0.5741632601522445,0.5789712210943496,0.5725729520404613,0.5772984090639386,0.5710641981910176,0.5757092376353299,0.5793388585783359,0.5820255909133494,0.574696581785942,0.5673675726585347,0.5600385635311274,0.5623595164026665,0.564017224299138,0.5557285575683973,0.5574967821523253,0.549392308015551,0.5512598374900964,0.5530478976252927,0.5452882947283633,0.5375286918314337,0.5297690889345046,0.5220094860375751,0.5243696772418786,0.5167717327386319,0.509173788235385,0.521512809982848,0.5237439051565935,0.5165928985652969,0.5094418919740001,0.5022908853827036,0.49513987879140686,0.4879888722001104,0.48083786560881353,0.473686859017517,0.4665358524262203,0.4593848458349237,0.4522338392436271,0.44508283265233056,0.43793182606103387,0.4307808194697373,0.4236298128784406,0.4164788062871442,0.40932779969584737,0.40217679310455084,0.39502578651325404,0.38787477992195746,0.3807237733306609,0.37357276673936424,0.3664217601480676,0.35927075355677096,0.3521197469654744,0
